Name,Description,Group,DataSource,DataSource2,DataType,Address,Address2,Address3,InitialValue,Boolean_Invert,Integer_WordsCount,Analog_minRaw,Analog_maxRaw,Analog_minEng,Analog_maxEng,Analog_Engunit,Alm_Enable,Alm_Comment,Alm_Enable_LL,Alm_Enable_Lo,Alm_Enable_Hi,Alm_Enable_HH,Alm_Enable_OverRange,Alm_Enable_UnderRange,Alm_LL_lim,Alm_Lo_lim,Alm_Hi_lim,Alm_HH_lim,Alm_LL_Pri,Alm_Lo_Pri,Alm_Hi_Pri,Alm_HiHi_Pri,Alm_OverRange_Pri,Alm_UnderRange_Pri,Alm_LL_Delay,Alm_Lo_Delay,Alm_Hi_Delay,Alm_HH_Delay,Alm_OverRange_Delay,Alm_UnderRange_Delay,Alm_LL_DeaBand,Alm_Lo_DeaBand,Alm_Hi_DeaBand,Alm_HiHi_DeaBand,Alm_OverRange_DeaBand,Alm_UnderRange_DeaBand,Alm_AlarmOrEvent,Alm_Bool_WhileTrue,Alm_Bool_Delay,Alm_Bool_Count,Alm_Bool_Pri,Alm_Page,Alm_LL_Desc,Alm_Lo_Desc,Alm_Hi_Desc,Alm_HH_Desc,Alm_Bool_Desc,Log_Enable,Log_Model,Log_Model2,Integration_Enable,Integration_Model,Integration_Model2,AccessLevel,Class_Name,Object_Name,User_Def_1,User_Def_2,User_Def_3,User_Def_4,User_Def_5,User_Def_6,User_Def_7,User_Def_8,User_Def_9,User_Def_10,User_Def_11,User_Def_12,CopyTo
ICC21.ReportControllerGlobals_FwVers_Status,,ICC21,C001_NATIVE,,Integer,C_02_FwVers_Status,,,,FALSE,1,0,100,0,100,,FALSE,,FALSE,FALSE,FALSE,FALSE,FALSE,FALSE,0,0,0,0,1,1,1,1,1,1,0,0,0,0,0,0,0,0,0,0,0,0,Alarm,TRUE,0,1,1,Home.edd,,,,,,FALSE,,,FALSE,,,0,,,,,,,,,,,,,,,
ICC21.ReportControllerGlobals_EngRev_Status,,ICC21,C001_NATIVE,,Integer,C_02_EngRev_Status,,,,FALSE,1,0,100,0,100,,FALSE,,FALSE,FALSE,FALSE,FALSE,FALSE,FALSE,0,0,0,0,1,1,1,1,1,1,0,0,0,0,0,0,0,0,0,0,0,0,Alarm,TRUE,0,1,1,Home.edd,,,,,,FALSE,,,FALSE,,,0,,,,,,,,,,,,,,,
ICC21.ReportControllerGlobals_Size_Status,,ICC21,C001_NATIVE,,Integer,C_02_Size_Status,,,,FALSE,1,0,100,0,100,,FALSE,,FALSE,FALSE,FALSE,FALSE,FALSE,FALSE,0,0,0,0,1,1,1,1,1,1,0,0,0,0,0,0,0,0,0,0,0,0,Alarm,TRUE,0,1,1,Home.edd,,,,,,FALSE,,,FALSE,,,0,,,,,,,,,,,,,,,
ICC21.ReportControllerGlobals_Hours_Status,,ICC21,C001_NATIVE,,Integer,C_02_Hours_Status,,,,FALSE,1,0,100,0,100,,FALSE,,FALSE,FALSE,FALSE,FALSE,FALSE,FALSE,0,0,0,0,1,1,1,1,1,1,0,0,0,0,0,0,0,0,0,0,0,0,Alarm,TRUE,0,1,1,Home.edd,,,,,,FALSE,,,FALSE,,,0,,,,,,,,,,,,,,,
ICC21.ReportControllerGlobals_Minutes_Status,,ICC21,C001_NATIVE,,Integer,C_02_Minutes_Status,,,,FALSE,1,0,100,0,100,,FALSE,,FALSE,FALSE,FALSE,FALSE,FALSE,FALSE,0,0,0,0,1,1,1,1,1,1,0,0,0,0,0,0,0,0,0,0,0,0,Alarm,TRUE,0,1,1,Home.edd,,,,,,FALSE,,,FALSE,,,0,,,,,,,,,,,,,,,
ICC21.ReportControllerGlobals_Seconds_Status,,ICC21,C001_NATIVE,,Integer,C_02_Seconds_Status,,,,FALSE,1,0,100,0,100,,FALSE,,FALSE,FALSE,FALSE,FALSE,FALSE,FALSE,0,0,0,0,1,1,1,1,1,1,0,0,0,0,0,0,0,0,0,0,0,0,Alarm,TRUE,0,1,1,Home.edd,,,,,,FALSE,,,FALSE,,,0,,,,,,,,,,,,,,,
ICC21.ReportControllerGlobals_MM_Status,,ICC21,C001_NATIVE,,Integer,C_02_MM_Status,,,,FALSE,1,0,100,0,100,,FALSE,,FALSE,FALSE,FALSE,FALSE,FALSE,FALSE,0,0,0,0,1,1,1,1,1,1,0,0,0,0,0,0,0,0,0,0,0,0,Alarm,TRUE,0,1,1,Home.edd,,,,,,FALSE,,,FALSE,,,0,,,,,,,,,,,,,,,
ICC21.ReportControllerGlobals_DD_Status,,ICC21,C001_NATIVE,,Integer,C_02_DD_Status,,,,FALSE,1,0,100,0,100,,FALSE,,FALSE,FALSE,FALSE,FALSE,FALSE,FALSE,0,0,0,0,1,1,1,1,1,1,0,0,0,0,0,0,0,0,0,0,0,0,Alarm,TRUE,0,1,1,Home.edd,,,,,,FALSE,,,FALSE,,,0,,,,,,,,,,,,,,,
ICC21.ReportControllerGlobals_YYYY_Status,,ICC21,C001_NATIVE,,Integer,C_02_YYYY_Status,,,,FALSE,1,0,100,0,100,,FALSE,,FALSE,FALSE,FALSE,FALSE,FALSE,FALSE,0,0,0,0,1,1,1,1,1,1,0,0,0,0,0,0,0,0,0,0,0,0,Alarm,TRUE,0,1,1,Home.edd,,,,,,FALSE,,,FALSE,,,0,,,,,,,,,,,,,,,
ICC21.ReportControllerGlobals_SysDcHour_Status,,ICC21,C001_NATIVE,,Integer,C_02_SysDcHour_Status,,,,FALSE,1,0,100,0,100,,FALSE,,FALSE,FALSE,FALSE,FALSE,FALSE,FALSE,0,0,0,0,1,1,1,1,1,1,0,0,0,0,0,0,0,0,0,0,0,0,Alarm,TRUE,0,1,1,Home.edd,,,,,,FALSE,,,FALSE,,,0,,,,,,,,,,,,,,,
ICC21.ReportControllerGlobals_FcpDcHour_Status,,ICC21,C001_NATIVE,,Integer,C_02_FcpDcHour_Status,,,,FALSE,1,0,100,0,100,,FALSE,,FALSE,FALSE,FALSE,FALSE,FALSE,FALSE,0,0,0,0,1,1,1,1,1,1,0,0,0,0,0,0,0,0,0,0,0,0,Alarm,TRUE,0,1,1,Home.edd,,,,,,FALSE,,,FALSE,,,0,,,,,,,,,,,,,,,
ICC21.ReportControllerGlobals_Options_Status,,ICC21,C001_NATIVE,,Integer,C_02_Options_Status,,,,FALSE,1,0,100,0,100,,FALSE,,FALSE,FALSE,FALSE,FALSE,FALSE,FALSE,0,0,0,0,1,1,1,1,1,1,0,0,0,0,0,0,0,0,0,0,0,0,Alarm,TRUE,0,1,1,Home.edd,,,,,,FALSE,,,FALSE,,,0,,,,,,,,,,,,,,,
ICC21.ReportControllerGlobals_CurEtap_Status,,ICC21,C001_NATIVE,,Integer,C_02_CurEtap_Status,,,,FALSE,1,0,100,0,100,,FALSE,,FALSE,FALSE,FALSE,FALSE,FALSE,FALSE,0,0,0,0,1,1,1,1,1,1,0,0,0,0,0,0,0,0,0,0,0,0,Alarm,TRUE,0,1,1,Home.edd,,,,,,FALSE,,,FALSE,,,0,,,,,,,,,,,,,,,
ICC21.ReportControllerGlobals_MaxEtap_Status,,ICC21,C001_NATIVE,,Integer,C_02_MaxEtap_Status,,,,FALSE,1,0,100,0,100,,FALSE,,FALSE,FALSE,FALSE,FALSE,FALSE,FALSE,0,0,0,0,1,1,1,1,1,1,0,0,0,0,0,0,0,0,0,0,0,0,Alarm,TRUE,0,1,1,Home.edd,,,,,,FALSE,,,FALSE,,,0,,,,,,,,,,,,,,,
ICC21.ReportControllerGlobals_Response_Status,,ICC21,C001_NATIVE,,Integer,C_02_Response_Status,,,,FALSE,1,0,100,0,100,,FALSE,,FALSE,FALSE,FALSE,FALSE,FALSE,FALSE,0,0,0,0,1,1,1,1,1,1,0,0,0,0,0,0,0,0,0,0,0,0,Alarm,TRUE,0,1,1,Home.edd,,,,,,FALSE,,,FALSE,,,0,,,,,,,,,,,,,,,
ICC21.ReportControllerGlobals_ReportInterval_Status,,ICC21,C001_NATIVE,,Integer,C_02_ReportInterval_Status,,,,FALSE,1,0,100,0,100,,FALSE,,FALSE,FALSE,FALSE,FALSE,FALSE,FALSE,0,0,0,0,1,1,1,1,1,1,0,0,0,0,0,0,0,0,0,0,0,0,Alarm,TRUE,0,1,1,Home.edd,,,,,,FALSE,,,FALSE,,,0,,,,,,,,,,,,,,,
ICC21.ReportControllerGlobals_OptStatus_Status,,ICC21,C001_NATIVE,,Integer,C_02_OptStatus_Status,,,,FALSE,1,0,100,0,100,,FALSE,,FALSE,FALSE,FALSE,FALSE,FALSE,FALSE,0,0,0,0,1,1,1,1,1,1,0,0,0,0,0,0,0,0,0,0,0,0,Alarm,TRUE,0,1,1,Home.edd,,,,,,FALSE,,,FALSE,,,0,,,,,,,,,,,,,,,
ICC21.ReportControllerGlobals_OffStatus_Status,,ICC21,C001_NATIVE,,Integer,C_02_OffStatus_Status,,,,FALSE,1,0,100,0,100,,FALSE,,FALSE,FALSE,FALSE,FALSE,FALSE,FALSE,0,0,0,0,1,1,1,1,1,1,0,0,0,0,0,0,0,0,0,0,0,0,Alarm,TRUE,0,1,1,Home.edd,,,,,,FALSE,,,FALSE,,,0,,,,,,,,,,,,,,,
ICC21.ReportControllerGlobals_GblSeasAdj_Status,,ICC21,C001_NATIVE,,Integer,C_02_GblSeasAdj_Status,,,,FALSE,1,0,100,0,100,,FALSE,,FALSE,FALSE,FALSE,FALSE,FALSE,FALSE,0,0,0,0,1,1,1,1,1,1,0,0,0,0,0,0,0,0,0,0,0,0,Alarm,TRUE,0,1,1,Home.edd,,,,,,FALSE,,,FALSE,,,0,,,,,,,,,,,,,,,
ICC21.ReportControllerGlobals_StackMode_Status,,ICC21,C001_NATIVE,,Integer,C_02_StackMode_Status,,,,FALSE,1,0,100,0,100,,FALSE,,FALSE,FALSE,FALSE,FALSE,FALSE,FALSE,0,0,0,0,1,1,1,1,1,1,0,0,0,0,0,0,0,0,0,0,0,0,Alarm,TRUE,0,1,1,Home.edd,,,,,,FALSE,,,FALSE,,,0,,,,,,,,,,,,,,,
ICC21.ReportControllerGlobals_SsPrgThold_Status,,ICC21,C001_NATIVE,,Integer,C_02_SsPrgThold_Status,,,,FALSE,1,0,100,0,100,,FALSE,,FALSE,FALSE,FALSE,FALSE,FALSE,FALSE,0,0,0,0,1,1,1,1,1,1,0,0,0,0,0,0,0,0,0,0,0,0,Alarm,TRUE,0,1,1,Home.edd,,,,,,FALSE,,,FALSE,,,0,,,,,,,,,,,,,,,
ICC21.ReportControllerGlobals_SsgSsPrgThold_Status,,ICC21,C001_NATIVE,,Integer,C_02_SsgSsPrgThold_Status,,,,FALSE,1,0,100,0,100,,FALSE,,FALSE,FALSE,FALSE,FALSE,FALSE,FALSE,0,0,0,0,1,1,1,1,1,1,0,0,0,0,0,0,0,0,0,0,0,0,Alarm,TRUE,0,1,1,Home.edd,,,,,,FALSE,,,FALSE,,,0,,,,,,,,,,,,,,,
ICC21.ReportControllerGlobals_ClikDelaySetting_Status,,ICC21,C001_NATIVE,,Integer,C_02_ClikDelaySetting_Status,,,,FALSE,1,0,100,0,100,,FALSE,,FALSE,FALSE,FALSE,FALSE,FALSE,FALSE,0,0,0,0,1,1,1,1,1,1,0,0,0,0,0,0,0,0,0,0,0,0,Alarm,TRUE,0,1,1,Home.edd,,,,,,FALSE,,,FALSE,,,0,,,,,,,,,,,,,,,
ICC21.ReportControllerGlobals_RotaryKnob_Status,,ICC21,C001_NATIVE,,Integer,C_02_RotaryKnob_Status,,,,FALSE,1,0,100,0,100,,FALSE,,FALSE,FALSE,FALSE,FALSE,FALSE,FALSE,0,0,0,0,1,1,1,1,1,1,0,0,0,0,0,0,0,0,0,0,0,0,Alarm,TRUE,0,1,1,Home.edd,,,,,,FALSE,,,FALSE,,,0,,,,,,,,,,,,,,,
ICC21.ReportControllerGlobals_StaticChksm_Status,,ICC21,C001_NATIVE,,Integer,C_02_StaticChksm_Status,,,,FALSE,1,0,100,0,100,,FALSE,,FALSE,FALSE,FALSE,FALSE,FALSE,FALSE,0,0,0,0,1,1,1,1,1,1,0,0,0,0,0,0,0,0,0,0,0,0,Alarm,TRUE,0,1,1,Home.edd,,,,,,FALSE,,,FALSE,,,0,,,,,,,,,,,,,,,
ICC21.ReportControllerGlobals_ClikDelayStatus_Status,,ICC21,C001_NATIVE,,Integer,C_02_ClikDelayStatus_Status,,,,FALSE,1,0,100,0,100,,FALSE,,FALSE,FALSE,FALSE,FALSE,FALSE,FALSE,0,0,0,0,1,1,1,1,1,1,0,0,0,0,0,0,0,0,0,0,0,0,Alarm,TRUE,0,1,1,Home.edd,,,,,,FALSE,,,FALSE,,,0,,,,,,,,,,,,,,,
ICC21.SetControllerGlobals_Hours_Command,,ICC21,C001_NATIVE,,Integer,C_01_Hours_Command,,,,FALSE,1,0,100,0,100,,FALSE,,FALSE,FALSE,FALSE,FALSE,FALSE,FALSE,0,0,0,0,1,1,1,1,1,1,0,0,0,0,0,0,0,0,0,0,0,0,Alarm,TRUE,0,1,1,Home.edd,,,,,,FALSE,,,FALSE,,,0,,,,,,,,,,,,,,,
ICC21.SetControllerGlobals_Minutes_Command,,ICC21,C001_NATIVE,,Integer,C_01_Minutes_Command,,,,FALSE,1,0,100,0,100,,FALSE,,FALSE,FALSE,FALSE,FALSE,FALSE,FALSE,0,0,0,0,1,1,1,1,1,1,0,0,0,0,0,0,0,0,0,0,0,0,Alarm,TRUE,0,1,1,Home.edd,,,,,,FALSE,,,FALSE,,,0,,,,,,,,,,,,,,,
ICC21.SetControllerGlobals_Seconds_Command,,ICC21,C001_NATIVE,,Integer,C_01_Seconds_Command,,,,FALSE,1,0,100,0,100,,FALSE,,FALSE,FALSE,FALSE,FALSE,FALSE,FALSE,0,0,0,0,1,1,1,1,1,1,0,0,0,0,0,0,0,0,0,0,0,0,Alarm,TRUE,0,1,1,Home.edd,,,,,,FALSE,,,FALSE,,,0,,,,,,,,,,,,,,,
ICC21.SetControllerGlobals_MM_Command,,ICC21,C001_NATIVE,,Integer,C_01_MM_Command,,,,FALSE,1,0,100,0,100,,FALSE,,FALSE,FALSE,FALSE,FALSE,FALSE,FALSE,0,0,0,0,1,1,1,1,1,1,0,0,0,0,0,0,0,0,0,0,0,0,Alarm,TRUE,0,1,1,Home.edd,,,,,,FALSE,,,FALSE,,,0,,,,,,,,,,,,,,,
ICC21.SetControllerGlobals_DD_Command,,ICC21,C001_NATIVE,,Integer,C_01_DD_Command,,,,FALSE,1,0,100,0,100,,FALSE,,FALSE,FALSE,FALSE,FALSE,FALSE,FALSE,0,0,0,0,1,1,1,1,1,1,0,0,0,0,0,0,0,0,0,0,0,0,Alarm,TRUE,0,1,1,Home.edd,,,,,,FALSE,,,FALSE,,,0,,,,,,,,,,,,,,,
ICC21.SetControllerGlobals_YYYY_Command,,ICC21,C001_NATIVE,,Integer,C_01_YYYY_Command,,,,FALSE,1,0,100,0,100,,FALSE,,FALSE,FALSE,FALSE,FALSE,FALSE,FALSE,0,0,0,0,1,1,1,1,1,1,0,0,0,0,0,0,0,0,0,0,0,0,Alarm,TRUE,0,1,1,Home.edd,,,,,,FALSE,,,FALSE,,,0,,,,,,,,,,,,,,,
ICC21.SetControllerGlobals_SysDcHour_Command,,ICC21,C001_NATIVE,,Integer,C_01_SysDcHour_Command,,,,FALSE,1,0,100,0,100,,FALSE,,FALSE,FALSE,FALSE,FALSE,FALSE,FALSE,0,0,0,0,1,1,1,1,1,1,0,0,0,0,0,0,0,0,0,0,0,0,Alarm,TRUE,0,1,1,Home.edd,,,,,,FALSE,,,FALSE,,,0,,,,,,,,,,,,,,,
ICC21.SetControllerGlobals_FcpDcHour_Command,,ICC21,C001_NATIVE,,Integer,C_01_FcpDcHour_Command,,,,FALSE,1,0,100,0,100,,FALSE,,FALSE,FALSE,FALSE,FALSE,FALSE,FALSE,0,0,0,0,1,1,1,1,1,1,0,0,0,0,0,0,0,0,0,0,0,0,Alarm,TRUE,0,1,1,Home.edd,,,,,,FALSE,,,FALSE,,,0,,,,,,,,,,,,,,,
ICC21.SetControllerGlobals_Options_Command,,ICC21,C001_NATIVE,,Integer,C_01_Options_Command,,,,FALSE,1,0,100,0,100,,FALSE,,FALSE,FALSE,FALSE,FALSE,FALSE,FALSE,0,0,0,0,1,1,1,1,1,1,0,0,0,0,0,0,0,0,0,0,0,0,Alarm,TRUE,0,1,1,Home.edd,,,,,,FALSE,,,FALSE,,,0,,,,,,,,,,,,,,,
ICC21.SetControllerGlobals_CurEtap_Command,,ICC21,C001_NATIVE,,Integer,C_01_CurEtap_Command,,,,FALSE,1,0,100,0,100,,FALSE,,FALSE,FALSE,FALSE,FALSE,FALSE,FALSE,0,0,0,0,1,1,1,1,1,1,0,0,0,0,0,0,0,0,0,0,0,0,Alarm,TRUE,0,1,1,Home.edd,,,,,,FALSE,,,FALSE,,,0,,,,,,,,,,,,,,,
ICC21.SetControllerGlobals_MaxEtap_Command,,ICC21,C001_NATIVE,,Integer,C_01_MaxEtap_Command,,,,FALSE,1,0,100,0,100,,FALSE,,FALSE,FALSE,FALSE,FALSE,FALSE,FALSE,0,0,0,0,1,1,1,1,1,1,0,0,0,0,0,0,0,0,0,0,0,0,Alarm,TRUE,0,1,1,Home.edd,,,,,,FALSE,,,FALSE,,,0,,,,,,,,,,,,,,,
ICC21.SetControllerGlobals_Response_Command,,ICC21,C001_NATIVE,,Integer,C_01_Response_Command,,,,FALSE,1,0,100,0,100,,FALSE,,FALSE,FALSE,FALSE,FALSE,FALSE,FALSE,0,0,0,0,1,1,1,1,1,1,0,0,0,0,0,0,0,0,0,0,0,0,Alarm,TRUE,0,1,1,Home.edd,,,,,,FALSE,,,FALSE,,,0,,,,,,,,,,,,,,,
ICC21.SetControllerGlobals_ReportInterval_Command,,ICC21,C001_NATIVE,,Integer,C_01_ReportInterval_Command,,,,FALSE,1,0,100,0,100,,FALSE,,FALSE,FALSE,FALSE,FALSE,FALSE,FALSE,0,0,0,0,1,1,1,1,1,1,0,0,0,0,0,0,0,0,0,0,0,0,Alarm,TRUE,0,1,1,Home.edd,,,,,,FALSE,,,FALSE,,,0,,,,,,,,,,,,,,,
ICC21.SetControllerGlobals_GblSeasAdj_Command,,ICC21,C001_NATIVE,,Integer,C_01_GblSeasAdj_Command,,,,FALSE,1,0,100,0,100,,FALSE,,FALSE,FALSE,FALSE,FALSE,FALSE,FALSE,0,0,0,0,1,1,1,1,1,1,0,0,0,0,0,0,0,0,0,0,0,0,Alarm,TRUE,0,1,1,Home.edd,,,,,,FALSE,,,FALSE,,,0,,,,,,,,,,,,,,,
ICC21.SetControllerGlobals_StackMode_Command,,ICC21,C001_NATIVE,,Integer,C_01_StackMode_Command,,,,FALSE,1,0,100,0,100,,FALSE,,FALSE,FALSE,FALSE,FALSE,FALSE,FALSE,0,0,0,0,1,1,1,1,1,1,0,0,0,0,0,0,0,0,0,0,0,0,Alarm,TRUE,0,1,1,Home.edd,,,,,,FALSE,,,FALSE,,,0,,,,,,,,,,,,,,,
ICC21.SetControllerGlobals_SsPrgThold_Command,,ICC21,C001_NATIVE,,Integer,C_01_SsPrgThold_Command,,,,FALSE,1,0,100,0,100,,FALSE,,FALSE,FALSE,FALSE,FALSE,FALSE,FALSE,0,0,0,0,1,1,1,1,1,1,0,0,0,0,0,0,0,0,0,0,0,0,Alarm,TRUE,0,1,1,Home.edd,,,,,,FALSE,,,FALSE,,,0,,,,,,,,,,,,,,,
ICC21.SetControllerGlobals_SsgSsPrgThold_Command,,ICC21,C001_NATIVE,,Integer,C_01_SsgSsPrgThold_Command,,,,FALSE,1,0,100,0,100,,FALSE,,FALSE,FALSE,FALSE,FALSE,FALSE,FALSE,0,0,0,0,1,1,1,1,1,1,0,0,0,0,0,0,0,0,0,0,0,0,Alarm,TRUE,0,1,1,Home.edd,,,,,,FALSE,,,FALSE,,,0,,,,,,,,,,,,,,,
ICC21.SetControllerGlobals_ClikDelaySetting_Command,,ICC21,C001_NATIVE,,Integer,C_01_ClikDelaySetting_Command,,,,FALSE,1,0,100,0,100,,FALSE,,FALSE,FALSE,FALSE,FALSE,FALSE,FALSE,0,0,0,0,1,1,1,1,1,1,0,0,0,0,0,0,0,0,0,0,0,0,Alarm,TRUE,0,1,1,Home.edd,,,,,,FALSE,,,FALSE,,,0,,,,,,,,,,,,,,,
ICC21.SetControllerGlobals_Trigger,,ICC21,C001_NATIVE,,Boolean,C_01_Trigger,,,,FALSE,1,0,100,0,100,,FALSE,,FALSE,FALSE,FALSE,FALSE,FALSE,FALSE,0,0,0,0,1,1,1,1,1,1,0,0,0,0,0,0,0,0,0,0,0,0,Alarm,TRUE,0,1,1,Home.edd,,,,,,FALSE,,,FALSE,,,0,,,,,,,,,,,,,,,
ICC21.ReportControllerProgramHeaderData_ProgramNumber_Status,,ICC21,C001_NATIVE,,Integer,C_3E_ProgramNumber_Status,,,,FALSE,1,0,100,0,100,,FALSE,,FALSE,FALSE,FALSE,FALSE,FALSE,FALSE,0,0,0,0,1,1,1,1,1,1,0,0,0,0,0,0,0,0,0,0,0,0,Alarm,TRUE,0,1,1,Home.edd,,,,,,FALSE,,,FALSE,,,0,,,,,,,,,,,,,,,
ICC21.ReportControllerProgramHeaderData_ProgramNumber_Command,,ICC21,C001_NATIVE,,Integer,C_3E_ProgramNumber_Command,,,,FALSE,1,0,100,0,100,,FALSE,,FALSE,FALSE,FALSE,FALSE,FALSE,FALSE,0,0,0,0,1,1,1,1,1,1,0,0,0,0,0,0,0,0,0,0,0,0,Alarm,TRUE,0,1,1,Home.edd,,,,,,FALSE,,,FALSE,,,0,,,,,,,,,,,,,,,
ICC21.ReportControllerProgramHeaderData_Mode_Status,,ICC21,C001_NATIVE,,Integer,C_3E_Mode_Status,,,,FALSE,1,0,100,0,100,,FALSE,,FALSE,FALSE,FALSE,FALSE,FALSE,FALSE,0,0,0,0,1,1,1,1,1,1,0,0,0,0,0,0,0,0,0,0,0,0,Alarm,TRUE,0,1,1,Home.edd,,,,,,FALSE,,,FALSE,,,0,,,,,,,,,,,,,,,
ICC21.ReportControllerProgramHeaderData_SchedType_Status,,ICC21,C001_NATIVE,,Integer,C_3E_SchedType_Status,,,,FALSE,1,0,100,0,100,,FALSE,,FALSE,FALSE,FALSE,FALSE,FALSE,FALSE,0,0,0,0,1,1,1,1,1,1,0,0,0,0,0,0,0,0,0,0,0,0,Alarm,TRUE,0,1,1,Home.edd,,,,,,FALSE,,,FALSE,,,0,,,,,,,,,,,,,,,
ICC21.ReportControllerProgramHeaderData_DOWDays_Status,,ICC21,C001_NATIVE,,Integer,C_3E_DOWDays_Status,,,,FALSE,1,0,100,0,100,,FALSE,,FALSE,FALSE,FALSE,FALSE,FALSE,FALSE,0,0,0,0,1,1,1,1,1,1,0,0,0,0,0,0,0,0,0,0,0,0,Alarm,TRUE,0,1,1,Home.edd,,,,,,FALSE,,,FALSE,,,0,,,,,,,,,,,,,,,
ICC21.ReportControllerProgramHeaderData_OddEvenDays_Status,,ICC21,C001_NATIVE,,Integer,C_3E_OddEvenDays_Status,,,,FALSE,1,0,100,0,100,,FALSE,,FALSE,FALSE,FALSE,FALSE,FALSE,FALSE,0,0,0,0,1,1,1,1,1,1,0,0,0,0,0,0,0,0,0,0,0,0,Alarm,TRUE,0,1,1,Home.edd,,,,,,FALSE,,,FALSE,,,0,,,,,,,,,,,,,,,
ICC21.ReportControllerProgramHeaderData_IntervalDays_Status,,ICC21,C001_NATIVE,,Integer,C_3E_IntervalDays_Status,,,,FALSE,1,0,100,0,100,,FALSE,,FALSE,FALSE,FALSE,FALSE,FALSE,FALSE,0,0,0,0,1,1,1,1,1,1,0,0,0,0,0,0,0,0,0,0,0,0,Alarm,TRUE,0,1,1,Home.edd,,,,,,FALSE,,,FALSE,,,0,,,,,,,,,,,,,,,
ICC21.ReportControllerProgramHeaderData_IntLength_Status,,ICC21,C001_NATIVE,,Integer,C_3E_IntLength_Status,,,,FALSE,1,0,100,0,100,,FALSE,,FALSE,FALSE,FALSE,FALSE,FALSE,FALSE,0,0,0,0,1,1,1,1,1,1,0,0,0,0,0,0,0,0,0,0,0,0,Alarm,TRUE,0,1,1,Home.edd,,,,,,FALSE,,,FALSE,,,0,,,,,,,,,,,,,,,
ICC21.ReportControllerProgramHeaderData_IntNextWater_Status,,ICC21,C001_NATIVE,,Integer,C_3E_IntNextWater_Status,,,,FALSE,1,0,100,0,100,,FALSE,,FALSE,FALSE,FALSE,FALSE,FALSE,FALSE,0,0,0,0,1,1,1,1,1,1,0,0,0,0,0,0,0,0,0,0,0,0,Alarm,TRUE,0,1,1,Home.edd,,,,,,FALSE,,,FALSE,,,0,,,,,,,,,,,,,,,
ICC21.ReportControllerProgramHeaderData_StartTime1_Status,,ICC21,C001_NATIVE,,Integer,C_3E_StartTime1_Status,,,,FALSE,1,0,100,0,100,,FALSE,,FALSE,FALSE,FALSE,FALSE,FALSE,FALSE,0,0,0,0,1,1,1,1,1,1,0,0,0,0,0,0,0,0,0,0,0,0,Alarm,TRUE,0,1,1,Home.edd,,,,,,FALSE,,,FALSE,,,0,,,,,,,,,,,,,,,
ICC21.ReportControllerProgramHeaderData_StartTime2_Status,,ICC21,C001_NATIVE,,Integer,C_3E_StartTime2_Status,,,,FALSE,1,0,100,0,100,,FALSE,,FALSE,FALSE,FALSE,FALSE,FALSE,FALSE,0,0,0,0,1,1,1,1,1,1,0,0,0,0,0,0,0,0,0,0,0,0,Alarm,TRUE,0,1,1,Home.edd,,,,,,FALSE,,,FALSE,,,0,,,,,,,,,,,,,,,
ICC21.ReportControllerProgramHeaderData_StartTime3_Status,,ICC21,C001_NATIVE,,Integer,C_3E_StartTime3_Status,,,,FALSE,1,0,100,0,100,,FALSE,,FALSE,FALSE,FALSE,FALSE,FALSE,FALSE,0,0,0,0,1,1,1,1,1,1,0,0,0,0,0,0,0,0,0,0,0,0,Alarm,TRUE,0,1,1,Home.edd,,,,,,FALSE,,,FALSE,,,0,,,,,,,,,,,,,,,
ICC21.ReportControllerProgramHeaderData_StartTime4_Status,,ICC21,C001_NATIVE,,Integer,C_3E_StartTime4_Status,,,,FALSE,1,0,100,0,100,,FALSE,,FALSE,FALSE,FALSE,FALSE,FALSE,FALSE,0,0,0,0,1,1,1,1,1,1,0,0,0,0,0,0,0,0,0,0,0,0,Alarm,TRUE,0,1,1,Home.edd,,,,,,FALSE,,,FALSE,,,0,,,,,,,,,,,,,,,
ICC21.ReportControllerProgramHeaderData_StartTime5_Status,,ICC21,C001_NATIVE,,Integer,C_3E_StartTime5_Status,,,,FALSE,1,0,100,0,100,,FALSE,,FALSE,FALSE,FALSE,FALSE,FALSE,FALSE,0,0,0,0,1,1,1,1,1,1,0,0,0,0,0,0,0,0,0,0,0,0,Alarm,TRUE,0,1,1,Home.edd,,,,,,FALSE,,,FALSE,,,0,,,,,,,,,,,,,,,
ICC21.ReportControllerProgramHeaderData_StartTime6_Status,,ICC21,C001_NATIVE,,Integer,C_3E_StartTime6_Status,,,,FALSE,1,0,100,0,100,,FALSE,,FALSE,FALSE,FALSE,FALSE,FALSE,FALSE,0,0,0,0,1,1,1,1,1,1,0,0,0,0,0,0,0,0,0,0,0,0,Alarm,TRUE,0,1,1,Home.edd,,,,,,FALSE,,,FALSE,,,0,,,,,,,,,,,,,,,
ICC21.ReportControllerProgramHeaderData_StartTime7_Status,,ICC21,C001_NATIVE,,Integer,C_3E_StartTime7_Status,,,,FALSE,1,0,100,0,100,,FALSE,,FALSE,FALSE,FALSE,FALSE,FALSE,FALSE,0,0,0,0,1,1,1,1,1,1,0,0,0,0,0,0,0,0,0,0,0,0,Alarm,TRUE,0,1,1,Home.edd,,,,,,FALSE,,,FALSE,,,0,,,,,,,,,,,,,,,
ICC21.ReportControllerProgramHeaderData_StartTime8_Status,,ICC21,C001_NATIVE,,Integer,C_3E_StartTime8_Status,,,,FALSE,1,0,100,0,100,,FALSE,,FALSE,FALSE,FALSE,FALSE,FALSE,FALSE,0,0,0,0,1,1,1,1,1,1,0,0,0,0,0,0,0,0,0,0,0,0,Alarm,TRUE,0,1,1,Home.edd,,,,,,FALSE,,,FALSE,,,0,,,,,,,,,,,,,,,
ICC21.ReportControllerProgramHeaderData_StartTime9_Status,,ICC21,C001_NATIVE,,Integer,C_3E_StartTime9_Status,,,,FALSE,1,0,100,0,100,,FALSE,,FALSE,FALSE,FALSE,FALSE,FALSE,FALSE,0,0,0,0,1,1,1,1,1,1,0,0,0,0,0,0,0,0,0,0,0,0,Alarm,TRUE,0,1,1,Home.edd,,,,,,FALSE,,,FALSE,,,0,,,,,,,,,,,,,,,
ICC21.ReportControllerProgramHeaderData_StartTime10_Status,,ICC21,C001_NATIVE,,Integer,C_3E_StartTime10_Status,,,,FALSE,1,0,100,0,100,,FALSE,,FALSE,FALSE,FALSE,FALSE,FALSE,FALSE,0,0,0,0,1,1,1,1,1,1,0,0,0,0,0,0,0,0,0,0,0,0,Alarm,TRUE,0,1,1,Home.edd,,,,,,FALSE,,,FALSE,,,0,,,,,,,,,,,,,,,
ICC21.ReportControllerProgramHeaderData_SeasAdj_Status,,ICC21,C001_NATIVE,,Integer,C_3E_SeasAdj_Status,,,,FALSE,1,0,100,0,100,,FALSE,,FALSE,FALSE,FALSE,FALSE,FALSE,FALSE,0,0,0,0,1,1,1,1,1,1,0,0,0,0,0,0,0,0,0,0,0,0,Alarm,TRUE,0,1,1,Home.edd,,,,,,FALSE,,,FALSE,,,0,,,,,,,,,,,,,,,
ICC21.ReportControllerProgramHeaderData_NWWStart_Status,,ICC21,C001_NATIVE,,Integer,C_3E_NWWStart_Status,,,,FALSE,1,0,100,0,100,,FALSE,,FALSE,FALSE,FALSE,FALSE,FALSE,FALSE,0,0,0,0,1,1,1,1,1,1,0,0,0,0,0,0,0,0,0,0,0,0,Alarm,TRUE,0,1,1,Home.edd,,,,,,FALSE,,,FALSE,,,0,,,,,,,,,,,,,,,
ICC21.ReportControllerProgramHeaderData_NWWEnd_Status,,ICC21,C001_NATIVE,,Integer,C_3E_NWWEnd_Status,,,,FALSE,1,0,100,0,100,,FALSE,,FALSE,FALSE,FALSE,FALSE,FALSE,FALSE,0,0,0,0,1,1,1,1,1,1,0,0,0,0,0,0,0,0,0,0,0,0,Alarm,TRUE,0,1,1,Home.edd,,,,,,FALSE,,,FALSE,,,0,,,,,,,,,,,,,,,
ICC21.ReportControllerProgramHeaderData_StaDly_Status,,ICC21,C001_NATIVE,,Integer,C_3E_StaDly_Status,,,,FALSE,1,0,100,0,100,,FALSE,,FALSE,FALSE,FALSE,FALSE,FALSE,FALSE,0,0,0,0,1,1,1,1,1,1,0,0,0,0,0,0,0,0,0,0,0,0,Alarm,TRUE,0,1,1,Home.edd,,,,,,FALSE,,,FALSE,,,0,,,,,,,,,,,,,,,
ICC21.ReportControllerProgramHeaderData_Trigger,,ICC21,C001_NATIVE,,Boolean,C_3E_Trigger,,,,FALSE,1,0,100,0,100,,FALSE,,FALSE,FALSE,FALSE,FALSE,FALSE,FALSE,0,0,0,0,1,1,1,1,1,1,0,0,0,0,0,0,0,0,0,0,0,0,Alarm,TRUE,0,1,1,Home.edd,,,,,,FALSE,,,FALSE,,,0,,,,,,,,,,,,,,,
ICC21.SetControllerProgramHeaderData_ProgramNumber_Command,,ICC21,C001_NATIVE,,Integer,C_1E_ProgramNumber_Command,,,,FALSE,1,0,100,0,100,,FALSE,,FALSE,FALSE,FALSE,FALSE,FALSE,FALSE,0,0,0,0,1,1,1,1,1,1,0,0,0,0,0,0,0,0,0,0,0,0,Alarm,TRUE,0,1,1,Home.edd,,,,,,FALSE,,,FALSE,,,0,,,,,,,,,,,,,,,
ICC21.SetControllerProgramHeaderData_Mode_Command,,ICC21,C001_NATIVE,,Integer,C_1E_Mode_Command,,,,FALSE,1,0,100,0,100,,FALSE,,FALSE,FALSE,FALSE,FALSE,FALSE,FALSE,0,0,0,0,1,1,1,1,1,1,0,0,0,0,0,0,0,0,0,0,0,0,Alarm,TRUE,0,1,1,Home.edd,,,,,,FALSE,,,FALSE,,,0,,,,,,,,,,,,,,,
ICC21.SetControllerProgramHeaderData_SchedType_Command,,ICC21,C001_NATIVE,,Integer,C_1E_SchedType_Command,,,,FALSE,1,0,100,0,100,,FALSE,,FALSE,FALSE,FALSE,FALSE,FALSE,FALSE,0,0,0,0,1,1,1,1,1,1,0,0,0,0,0,0,0,0,0,0,0,0,Alarm,TRUE,0,1,1,Home.edd,,,,,,FALSE,,,FALSE,,,0,,,,,,,,,,,,,,,
ICC21.SetControllerProgramHeaderData_DOWDays_Command,,ICC21,C001_NATIVE,,Integer,C_1E_DOWDays_Command,,,,FALSE,1,0,100,0,100,,FALSE,,FALSE,FALSE,FALSE,FALSE,FALSE,FALSE,0,0,0,0,1,1,1,1,1,1,0,0,0,0,0,0,0,0,0,0,0,0,Alarm,TRUE,0,1,1,Home.edd,,,,,,FALSE,,,FALSE,,,0,,,,,,,,,,,,,,,
ICC21.SetControllerProgramHeaderData_OddEvenDays_Command,,ICC21,C001_NATIVE,,Integer,C_1E_OddEvenDays_Command,,,,FALSE,1,0,100,0,100,,FALSE,,FALSE,FALSE,FALSE,FALSE,FALSE,FALSE,0,0,0,0,1,1,1,1,1,1,0,0,0,0,0,0,0,0,0,0,0,0,Alarm,TRUE,0,1,1,Home.edd,,,,,,FALSE,,,FALSE,,,0,,,,,,,,,,,,,,,
ICC21.SetControllerProgramHeaderData_IntervalDays_Command,,ICC21,C001_NATIVE,,Integer,C_1E_IntervalDays_Command,,,,FALSE,1,0,100,0,100,,FALSE,,FALSE,FALSE,FALSE,FALSE,FALSE,FALSE,0,0,0,0,1,1,1,1,1,1,0,0,0,0,0,0,0,0,0,0,0,0,Alarm,TRUE,0,1,1,Home.edd,,,,,,FALSE,,,FALSE,,,0,,,,,,,,,,,,,,,
ICC21.SetControllerProgramHeaderData_IntLength_Command,,ICC21,C001_NATIVE,,Integer,C_1E_IntLength_Command,,,,FALSE,1,0,100,0,100,,FALSE,,FALSE,FALSE,FALSE,FALSE,FALSE,FALSE,0,0,0,0,1,1,1,1,1,1,0,0,0,0,0,0,0,0,0,0,0,0,Alarm,TRUE,0,1,1,Home.edd,,,,,,FALSE,,,FALSE,,,0,,,,,,,,,,,,,,,
ICC21.SetControllerProgramHeaderData_IntNextWater_Command,,ICC21,C001_NATIVE,,Integer,C_1E_IntNextWater_Command,,,,FALSE,1,0,100,0,100,,FALSE,,FALSE,FALSE,FALSE,FALSE,FALSE,FALSE,0,0,0,0,1,1,1,1,1,1,0,0,0,0,0,0,0,0,0,0,0,0,Alarm,TRUE,0,1,1,Home.edd,,,,,,FALSE,,,FALSE,,,0,,,,,,,,,,,,,,,
ICC21.SetControllerProgramHeaderData_StartTime1_Command,,ICC21,C001_NATIVE,,Integer,C_1E_StartTime1_Command,,,,FALSE,1,0,100,0,100,,FALSE,,FALSE,FALSE,FALSE,FALSE,FALSE,FALSE,0,0,0,0,1,1,1,1,1,1,0,0,0,0,0,0,0,0,0,0,0,0,Alarm,TRUE,0,1,1,Home.edd,,,,,,FALSE,,,FALSE,,,0,,,,,,,,,,,,,,,
ICC21.SetControllerProgramHeaderData_StartTime2_Command,,ICC21,C001_NATIVE,,Integer,C_1E_StartTime2_Command,,,,FALSE,1,0,100,0,100,,FALSE,,FALSE,FALSE,FALSE,FALSE,FALSE,FALSE,0,0,0,0,1,1,1,1,1,1,0,0,0,0,0,0,0,0,0,0,0,0,Alarm,TRUE,0,1,1,Home.edd,,,,,,FALSE,,,FALSE,,,0,,,,,,,,,,,,,,,
ICC21.SetControllerProgramHeaderData_StartTime3_Command,,ICC21,C001_NATIVE,,Integer,C_1E_StartTime3_Command,,,,FALSE,1,0,100,0,100,,FALSE,,FALSE,FALSE,FALSE,FALSE,FALSE,FALSE,0,0,0,0,1,1,1,1,1,1,0,0,0,0,0,0,0,0,0,0,0,0,Alarm,TRUE,0,1,1,Home.edd,,,,,,FALSE,,,FALSE,,,0,,,,,,,,,,,,,,,
ICC21.SetControllerProgramHeaderData_StartTime4_Command,,ICC21,C001_NATIVE,,Integer,C_1E_StartTime4_Command,,,,FALSE,1,0,100,0,100,,FALSE,,FALSE,FALSE,FALSE,FALSE,FALSE,FALSE,0,0,0,0,1,1,1,1,1,1,0,0,0,0,0,0,0,0,0,0,0,0,Alarm,TRUE,0,1,1,Home.edd,,,,,,FALSE,,,FALSE,,,0,,,,,,,,,,,,,,,
ICC21.SetControllerProgramHeaderData_StartTime5_Command,,ICC21,C001_NATIVE,,Integer,C_1E_StartTime5_Command,,,,FALSE,1,0,100,0,100,,FALSE,,FALSE,FALSE,FALSE,FALSE,FALSE,FALSE,0,0,0,0,1,1,1,1,1,1,0,0,0,0,0,0,0,0,0,0,0,0,Alarm,TRUE,0,1,1,Home.edd,,,,,,FALSE,,,FALSE,,,0,,,,,,,,,,,,,,,
ICC21.SetControllerProgramHeaderData_StartTime6_Command,,ICC21,C001_NATIVE,,Integer,C_1E_StartTime6_Command,,,,FALSE,1,0,100,0,100,,FALSE,,FALSE,FALSE,FALSE,FALSE,FALSE,FALSE,0,0,0,0,1,1,1,1,1,1,0,0,0,0,0,0,0,0,0,0,0,0,Alarm,TRUE,0,1,1,Home.edd,,,,,,FALSE,,,FALSE,,,0,,,,,,,,,,,,,,,
ICC21.SetControllerProgramHeaderData_StartTime7_Command,,ICC21,C001_NATIVE,,Integer,C_1E_StartTime7_Command,,,,FALSE,1,0,100,0,100,,FALSE,,FALSE,FALSE,FALSE,FALSE,FALSE,FALSE,0,0,0,0,1,1,1,1,1,1,0,0,0,0,0,0,0,0,0,0,0,0,Alarm,TRUE,0,1,1,Home.edd,,,,,,FALSE,,,FALSE,,,0,,,,,,,,,,,,,,,
ICC21.SetControllerProgramHeaderData_StartTime8_Command,,ICC21,C001_NATIVE,,Integer,C_1E_StartTime8_Command,,,,FALSE,1,0,100,0,100,,FALSE,,FALSE,FALSE,FALSE,FALSE,FALSE,FALSE,0,0,0,0,1,1,1,1,1,1,0,0,0,0,0,0,0,0,0,0,0,0,Alarm,TRUE,0,1,1,Home.edd,,,,,,FALSE,,,FALSE,,,0,,,,,,,,,,,,,,,
ICC21.SetControllerProgramHeaderData_StartTime9_Command,,ICC21,C001_NATIVE,,Integer,C_1E_StartTime9_Command,,,,FALSE,1,0,100,0,100,,FALSE,,FALSE,FALSE,FALSE,FALSE,FALSE,FALSE,0,0,0,0,1,1,1,1,1,1,0,0,0,0,0,0,0,0,0,0,0,0,Alarm,TRUE,0,1,1,Home.edd,,,,,,FALSE,,,FALSE,,,0,,,,,,,,,,,,,,,
ICC21.SetControllerProgramHeaderData_StartTime10_Command,,ICC21,C001_NATIVE,,Integer,C_1E_StartTime10_Command,,,,FALSE,1,0,100,0,100,,FALSE,,FALSE,FALSE,FALSE,FALSE,FALSE,FALSE,0,0,0,0,1,1,1,1,1,1,0,0,0,0,0,0,0,0,0,0,0,0,Alarm,TRUE,0,1,1,Home.edd,,,,,,FALSE,,,FALSE,,,0,,,,,,,,,,,,,,,
ICC21.SetControllerProgramHeaderData_SeasAdj_Command,,ICC21,C001_NATIVE,,Integer,C_1E_SeasAdj_Command,,,,FALSE,1,0,100,0,100,,FALSE,,FALSE,FALSE,FALSE,FALSE,FALSE,FALSE,0,0,0,0,1,1,1,1,1,1,0,0,0,0,0,0,0,0,0,0,0,0,Alarm,TRUE,0,1,1,Home.edd,,,,,,FALSE,,,FALSE,,,0,,,,,,,,,,,,,,,
ICC21.SetControllerProgramHeaderData_NWWStart_Command,,ICC21,C001_NATIVE,,Integer,C_1E_NWWStart_Command,,,,FALSE,1,0,100,0,100,,FALSE,,FALSE,FALSE,FALSE,FALSE,FALSE,FALSE,0,0,0,0,1,1,1,1,1,1,0,0,0,0,0,0,0,0,0,0,0,0,Alarm,TRUE,0,1,1,Home.edd,,,,,,FALSE,,,FALSE,,,0,,,,,,,,,,,,,,,
ICC21.SetControllerProgramHeaderData_NWWEnd_Command,,ICC21,C001_NATIVE,,Integer,C_1E_NWWEnd_Command,,,,FALSE,1,0,100,0,100,,FALSE,,FALSE,FALSE,FALSE,FALSE,FALSE,FALSE,0,0,0,0,1,1,1,1,1,1,0,0,0,0,0,0,0,0,0,0,0,0,Alarm,TRUE,0,1,1,Home.edd,,,,,,FALSE,,,FALSE,,,0,,,,,,,,,,,,,,,
ICC21.SetControllerProgramHeaderData_StaDly_Command,,ICC21,C001_NATIVE,,Integer,C_1E_StaDly_Command,,,,FALSE,1,0,100,0,100,,FALSE,,FALSE,FALSE,FALSE,FALSE,FALSE,FALSE,0,0,0,0,1,1,1,1,1,1,0,0,0,0,0,0,0,0,0,0,0,0,Alarm,TRUE,0,1,1,Home.edd,,,,,,FALSE,,,FALSE,,,0,,,,,,,,,,,,,,,
ICC21.SetControllerProgramHeaderData_Trigger,,ICC21,C001_NATIVE,,Boolean,C_1E_Trigger,,,,FALSE,1,0,100,0,100,,FALSE,,FALSE,FALSE,FALSE,FALSE,FALSE,FALSE,0,0,0,0,1,1,1,1,1,1,0,0,0,0,0,0,0,0,0,0,0,0,Alarm,TRUE,0,1,1,Home.edd,,,,,,FALSE,,,FALSE,,,0,,,,,,,,,,,,,,,
ICC21.SetGlobalSeasonalAdjust_GblSeasAdj_Command,,ICC21,C001_NATIVE,,Integer,C_23_GblSeasAdj_Command,,,,FALSE,1,0,100,0,100,,FALSE,,FALSE,FALSE,FALSE,FALSE,FALSE,FALSE,0,0,0,0,1,1,1,1,1,1,0,0,0,0,0,0,0,0,0,0,0,0,Alarm,TRUE,0,1,1,Home.edd,,,,,,FALSE,,,FALSE,,,0,,,,,,,,,,,,,,,
ICC21.SetGlobalSeasonalAdjust_Trigger,,ICC21,C001_NATIVE,,Boolean,C_23_Trigger,,,,FALSE,1,0,100,0,100,,FALSE,,FALSE,FALSE,FALSE,FALSE,FALSE,FALSE,0,0,0,0,1,1,1,1,1,1,0,0,0,0,0,0,0,0,0,0,0,0,Alarm,TRUE,0,1,1,Home.edd,,,,,,FALSE,,,FALSE,,,0,,,,,,,,,,,,,,,
ICC21.StopIrrigation_Trigger,,ICC21,C001_NATIVE,,Boolean,C_51_Trigger,,,,FALSE,1,0,100,0,100,,FALSE,,FALSE,FALSE,FALSE,FALSE,FALSE,FALSE,0,0,0,0,1,1,1,1,1,1,0,0,0,0,0,0,0,0,0,0,0,0,Alarm,TRUE,0,1,1,Home.edd,,,,,,FALSE,,,FALSE,,,0,,,,,,,,,,,,,,,
ICC21.SetProgrammableOff_OffDays_Command,,ICC21,C001_NATIVE,,Integer,C_52_OffDays_Command,,,,FALSE,1,0,100,0,100,,FALSE,,FALSE,FALSE,FALSE,FALSE,FALSE,FALSE,0,0,0,0,1,1,1,1,1,1,0,0,0,0,0,0,0,0,0,0,0,0,Alarm,TRUE,0,1,1,Home.edd,,,,,,FALSE,,,FALSE,,,0,,,,,,,,,,,,,,,
ICC21.SetProgrammableOff_Trigger,,ICC21,C001_NATIVE,,Boolean,C_52_Trigger,,,,FALSE,1,0,100,0,100,,FALSE,,FALSE,FALSE,FALSE,FALSE,FALSE,FALSE,0,0,0,0,1,1,1,1,1,1,0,0,0,0,0,0,0,0,0,0,0,0,Alarm,TRUE,0,1,1,Home.edd,,,,,,FALSE,,,FALSE,,,0,,,,,,,,,,,,,,,
ICC21.CancelProgrammableOff_Trigger,,ICC21,C001_NATIVE,,Boolean,C_54_Trigger,,,,FALSE,1,0,100,0,100,,FALSE,,FALSE,FALSE,FALSE,FALSE,FALSE,FALSE,0,0,0,0,1,1,1,1,1,1,0,0,0,0,0,0,0,0,0,0,0,0,Alarm,TRUE,0,1,1,Home.edd,,,,,,FALSE,,,FALSE,,,0,,,,,,,,,,,,,,,
ICC21.StartManualAllStations_ProgramNumber_Command,,ICC21,C001_NATIVE,,Integer,C_56_ProgramNumber_Command,,,,FALSE,1,0,100,0,100,,FALSE,,FALSE,FALSE,FALSE,FALSE,FALSE,FALSE,0,0,0,0,1,1,1,1,1,1,0,0,0,0,0,0,0,0,0,0,0,0,Alarm,TRUE,0,1,1,Home.edd,,,,,,FALSE,,,FALSE,,,0,,,,,,,,,,,,,,,
ICC21.StartManualAllStations_StartPoint_Command,,ICC21,C001_NATIVE,,Integer,C_56_StartPoint_Command,,,,FALSE,1,0,100,0,100,,FALSE,,FALSE,FALSE,FALSE,FALSE,FALSE,FALSE,0,0,0,0,1,1,1,1,1,1,0,0,0,0,0,0,0,0,0,0,0,0,Alarm,TRUE,0,1,1,Home.edd,,,,,,FALSE,,,FALSE,,,0,,,,,,,,,,,,,,,
ICC21.StartManualAllStations_Trigger,,ICC21,C001_NATIVE,,Boolean,C_56_Trigger,,,,FALSE,1,0,100,0,100,,FALSE,,FALSE,FALSE,FALSE,FALSE,FALSE,FALSE,0,0,0,0,1,1,1,1,1,1,0,0,0,0,0,0,0,0,0,0,0,0,Alarm,TRUE,0,1,1,Home.edd,,,,,,FALSE,,,FALSE,,,0,,,,,,,,,,,,,,,
ICC21.StartSingleManualStation_StationNumber_Command,,ICC21,C001_NATIVE,,Integer,C_5C_StationNumber_Command,,,,FALSE,1,0,100,0,100,,FALSE,,FALSE,FALSE,FALSE,FALSE,FALSE,FALSE,0,0,0,0,1,1,1,1,1,1,0,0,0,0,0,0,0,0,0,0,0,0,Alarm,TRUE,0,1,1,Home.edd,,,,,,FALSE,,,FALSE,,,0,,,,,,,,,,,,,,,
ICC21.StartSingleManualStation_RunTime_Command,,ICC21,C001_NATIVE,,Integer,C_5C_RunTime_Command,,,,FALSE,1,0,100,0,100,,FALSE,,FALSE,FALSE,FALSE,FALSE,FALSE,FALSE,0,0,0,0,1,1,1,1,1,1,0,0,0,0,0,0,0,0,0,0,0,0,Alarm,TRUE,0,1,1,Home.edd,,,,,,FALSE,,,FALSE,,,0,,,,,,,,,,,,,,,
ICC21.StartSingleManualStation_Trigger,,ICC21,C001_NATIVE,,Boolean,C_5C_Trigger,,,,FALSE,1,0,100,0,100,,FALSE,,FALSE,FALSE,FALSE,FALSE,FALSE,FALSE,0,0,0,0,1,1,1,1,1,1,0,0,0,0,0,0,0,0,0,0,0,0,Alarm,TRUE,0,1,1,Home.edd,,,,,,FALSE,,,FALSE,,,0,,,,,,,,,,,,,,,
ICC21.ReportControllerType_FwVers_Status,,ICC21,C001_NATIVE,,Integer,C_9A_FwVers_Status,,,,FALSE,1,0,100,0,100,,FALSE,,FALSE,FALSE,FALSE,FALSE,FALSE,FALSE,0,0,0,0,1,1,1,1,1,1,0,0,0,0,0,0,0,0,0,0,0,0,Alarm,TRUE,0,1,1,Home.edd,,,,,,FALSE,,,FALSE,,,0,,,,,,,,,,,,,,,
ICC21.ReportControllerType_EngRev_Status,,ICC21,C001_NATIVE,,Integer,C_9A_EngRev_Status,,,,FALSE,1,0,100,0,100,,FALSE,,FALSE,FALSE,FALSE,FALSE,FALSE,FALSE,0,0,0,0,1,1,1,1,1,1,0,0,0,0,0,0,0,0,0,0,0,0,Alarm,TRUE,0,1,1,Home.edd,,,,,,FALSE,,,FALSE,,,0,,,,,,,,,,,,,,,
ICC21.ReportControllerType_Model_Status,,ICC21,C001_NATIVE,,Integer,C_9A_Model_Status,,,,FALSE,1,0,100,0,100,,FALSE,,FALSE,FALSE,FALSE,FALSE,FALSE,FALSE,0,0,0,0,1,1,1,1,1,1,0,0,0,0,0,0,0,0,0,0,0,0,Alarm,TRUE,0,1,1,Home.edd,,,,,,FALSE,,,FALSE,,,0,,,,,,,,,,,,,,,
ICC21.ReportControllerType_SolarSyncEnabled_Status,,ICC21,C001_NATIVE,,Integer,C_9A_SolarSyncEnabled_Status,,,,FALSE,1,0,100,0,100,,FALSE,,FALSE,FALSE,FALSE,FALSE,FALSE,FALSE,0,0,0,0,1,1,1,1,1,1,0,0,0,0,0,0,0,0,0,0,0,0,Alarm,TRUE,0,1,1,Home.edd,,,,,,FALSE,,,FALSE,,,0,,,,,,,,,,,,,,,
ICC21.ReportControllerType_ClickBypassSwitchActive_Status,,ICC21,C001_NATIVE,,Integer,C_9A_ClickBypassSwitchActive_Status,,,,FALSE,1,0,100,0,100,,FALSE,,FALSE,FALSE,FALSE,FALSE,FALSE,FALSE,0,0,0,0,1,1,1,1,1,1,0,0,0,0,0,0,0,0,0,0,0,0,Alarm,TRUE,0,1,1,Home.edd,,,,,,FALSE,,,FALSE,,,0,,,,,,,,,,,,,,,
ICC21.ReportControllerType_PumpOn_Status,,ICC21,C001_NATIVE,,Integer,C_9A_PumpOn_Status,,,,FALSE,1,0,100,0,100,,FALSE,,FALSE,FALSE,FALSE,FALSE,FALSE,FALSE,0,0,0,0,1,1,1,1,1,1,0,0,0,0,0,0,0,0,0,0,0,0,Alarm,TRUE,0,1,1,Home.edd,,,,,,FALSE,,,FALSE,,,0,,,,,,,,,,,,,,,
ICC21.ReportControllerType_ClickSensorActive_Status,,ICC21,C001_NATIVE,,Integer,C_9A_ClickSensorActive_Status,,,,FALSE,1,0,100,0,100,,FALSE,,FALSE,FALSE,FALSE,FALSE,FALSE,FALSE,0,0,0,0,1,1,1,1,1,1,0,0,0,0,0,0,0,0,0,0,0,0,Alarm,TRUE,0,1,1,Home.edd,,,,,,FALSE,,,FALSE,,,0,,,,,,,,,,,,,,,
ICC21.ReportControllerType_Station1Number_Status,,ICC21,C001_NATIVE,,Integer,C_9A_Station1Number_Status,,,,FALSE,1,0,100,0,100,,FALSE,,FALSE,FALSE,FALSE,FALSE,FALSE,FALSE,0,0,0,0,1,1,1,1,1,1,0,0,0,0,0,0,0,0,0,0,0,0,Alarm,TRUE,0,1,1,Home.edd,,,,,,FALSE,,,FALSE,,,0,,,,,,,,,,,,,,,
ICC21.ReportControllerType_Station1Runtime_Status,,ICC21,C001_NATIVE,,Integer,C_9A_Station1Runtime_Status,,,,FALSE,1,0,100,0,100,,FALSE,,FALSE,FALSE,FALSE,FALSE,FALSE,FALSE,0,0,0,0,1,1,1,1,1,1,0,0,0,0,0,0,0,0,0,0,0,0,Alarm,TRUE,0,1,1,Home.edd,,,,,,FALSE,,,FALSE,,,0,,,,,,,,,,,,,,,
ICC21.ReportControllerType_Station2Number_Status,,ICC21,C001_NATIVE,,Integer,C_9A_Station2Number_Status,,,,FALSE,1,0,100,0,100,,FALSE,,FALSE,FALSE,FALSE,FALSE,FALSE,FALSE,0,0,0,0,1,1,1,1,1,1,0,0,0,0,0,0,0,0,0,0,0,0,Alarm,TRUE,0,1,1,Home.edd,,,,,,FALSE,,,FALSE,,,0,,,,,,,,,,,,,,,
ICC21.ReportControllerType_Station2Runtime_Status,,ICC21,C001_NATIVE,,Integer,C_9A_Station2Runtime_Status,,,,FALSE,1,0,100,0,100,,FALSE,,FALSE,FALSE,FALSE,FALSE,FALSE,FALSE,0,0,0,0,1,1,1,1,1,1,0,0,0,0,0,0,0,0,0,0,0,0,Alarm,TRUE,0,1,1,Home.edd,,,,,,FALSE,,,FALSE,,,0,,,,,,,,,,,,,,,
ICC21.ReportVersions_FPVersion_Status,,ICC21,C001_NATIVE,,Integer,C_0A_FPVersion_Status,,,,FALSE,1,0,100,0,100,,FALSE,,FALSE,FALSE,FALSE,FALSE,FALSE,FALSE,0,0,0,0,1,1,1,1,1,1,0,0,0,0,0,0,0,0,0,0,0,0,Alarm,TRUE,0,1,1,Home.edd,,,,,,FALSE,,,FALSE,,,0,,,,,,,,,,,,,,,
ICC21.ReportVersions_FPEngRev_Status,,ICC21,C001_NATIVE,,Integer,C_0A_FPEngRev_Status,,,,FALSE,1,0,100,0,100,,FALSE,,FALSE,FALSE,FALSE,FALSE,FALSE,FALSE,0,0,0,0,1,1,1,1,1,1,0,0,0,0,0,0,0,0,0,0,0,0,Alarm,TRUE,0,1,1,Home.edd,,,,,,FALSE,,,FALSE,,,0,,,,,,,,,,,,,,,
ICC21.ReportStationParameters_StationNumber_Command,,ICC21,C001_NATIVE,,Integer,C_33_StationNumber_Command,,,,FALSE,1,0,100,0,100,,FALSE,,FALSE,FALSE,FALSE,FALSE,FALSE,FALSE,0,0,0,0,1,1,1,1,1,1,0,0,0,0,0,0,0,0,0,0,0,0,Alarm,TRUE,0,1,1,Home.edd,,,,,,FALSE,,,FALSE,,,0,,,,,,,,,,,,,,,
ICC21.ReportStationParameters_StationNumber_Status,,ICC21,C001_NATIVE,,Integer,C_33_StationNumber_Status,,,,FALSE,1,0,100,0,100,,FALSE,,FALSE,FALSE,FALSE,FALSE,FALSE,FALSE,0,0,0,0,1,1,1,1,1,1,0,0,0,0,0,0,0,0,0,0,0,0,Alarm,TRUE,0,1,1,Home.edd,,,,,,FALSE,,,FALSE,,,0,,,,,,,,,,,,,,,
ICC21.ReportStationParameters_Pump1Usage_Status,,ICC21,C001_NATIVE,,Integer,C_33_Pump1Usage_Status,,,,FALSE,1,0,100,0,100,,FALSE,,FALSE,FALSE,FALSE,FALSE,FALSE,FALSE,0,0,0,0,1,1,1,1,1,1,0,0,0,0,0,0,0,0,0,0,0,0,Alarm,TRUE,0,1,1,Home.edd,,,,,,FALSE,,,FALSE,,,0,,,,,,,,,,,,,,,
ICC21.ReportStationParameters_Sensor1Usage_Status,,ICC21,C001_NATIVE,,Integer,C_33_Sensor1Usage_Status,,,,FALSE,1,0,100,0,100,,FALSE,,FALSE,FALSE,FALSE,FALSE,FALSE,FALSE,0,0,0,0,1,1,1,1,1,1,0,0,0,0,0,0,0,0,0,0,0,0,Alarm,TRUE,0,1,1,Home.edd,,,,,,FALSE,,,FALSE,,,0,,,,,,,,,,,,,,,
ICC21.ReportStationParameters_CycleTime_Status,,ICC21,C001_NATIVE,,Integer,C_33_CycleTime_Status,,,,FALSE,1,0,100,0,100,,FALSE,,FALSE,FALSE,FALSE,FALSE,FALSE,FALSE,0,0,0,0,1,1,1,1,1,1,0,0,0,0,0,0,0,0,0,0,0,0,Alarm,TRUE,0,1,1,Home.edd,,,,,,FALSE,,,FALSE,,,0,,,,,,,,,,,,,,,
ICC21.ReportStationParameters_SoakTime_Status,,ICC21,C001_NATIVE,,Integer,C_33_SoakTime_Status,,,,FALSE,1,0,100,0,100,,FALSE,,FALSE,FALSE,FALSE,FALSE,FALSE,FALSE,0,0,0,0,1,1,1,1,1,1,0,0,0,0,0,0,0,0,0,0,0,0,Alarm,TRUE,0,1,1,Home.edd,,,,,,FALSE,,,FALSE,,,0,,,,,,,,,,,,,,,
ICC21.ReportStationParameters_Trigger,,ICC21,C001_NATIVE,,Boolean,C_33_Trigger,,,,FALSE,1,0,100,0,100,,FALSE,,FALSE,FALSE,FALSE,FALSE,FALSE,FALSE,0,0,0,0,1,1,1,1,1,1,0,0,0,0,0,0,0,0,0,0,0,0,Alarm,TRUE,0,1,1,Home.edd,,,,,,FALSE,,,FALSE,,,0,,,,,,,,,,,,,,,
ICC21.ReportControllerFirmwareVersion_SystemId_Status,,ICC21,C001_NATIVE,,Integer,C_F9_SystemId_Status,,,,FALSE,1,0,100,0,100,,FALSE,,FALSE,FALSE,FALSE,FALSE,FALSE,FALSE,0,0,0,0,1,1,1,1,1,1,0,0,0,0,0,0,0,0,0,0,0,0,Alarm,TRUE,0,1,1,Home.edd,,,,,,FALSE,,,FALSE,,,0,,,,,,,,,,,,,,,
ICC21.ReportControllerFirmwareVersion_BootloaderVersion_Status,,ICC21,C001_NATIVE,,Integer,C_F9_BootloaderVersion_Status,,,,FALSE,1,0,100,0,100,,FALSE,,FALSE,FALSE,FALSE,FALSE,FALSE,FALSE,0,0,0,0,1,1,1,1,1,1,0,0,0,0,0,0,0,0,0,0,0,0,Alarm,TRUE,0,1,1,Home.edd,,,,,,FALSE,,,FALSE,,,0,,,,,,,,,,,,,,,
ICC21.ReportControllerFirmwareVersion_ApplicationVersion_Status,,ICC21,C001_NATIVE,,Integer,C_F9_ApplicationVersion_Status,,,,FALSE,1,0,100,0,100,,FALSE,,FALSE,FALSE,FALSE,FALSE,FALSE,FALSE,0,0,0,0,1,1,1,1,1,1,0,0,0,0,0,0,0,0,0,0,0,0,Alarm,TRUE,0,1,1,Home.edd,,,,,,FALSE,,,FALSE,,,0,,,,,,,,,,,,,,,
ICC21.ReportControllerFirmwareVersion_EngRev_Status,,ICC21,C001_NATIVE,,Integer,C_F9_EngRev_Status,,,,FALSE,1,0,100,0,100,,FALSE,,FALSE,FALSE,FALSE,FALSE,FALSE,FALSE,0,0,0,0,1,1,1,1,1,1,0,0,0,0,0,0,0,0,0,0,0,0,Alarm,TRUE,0,1,1,Home.edd,,,,,,FALSE,,,FALSE,,,0,,,,,,,,,,,,,,,
ICC21.SetGlobalsAndHeaderParamaters_Trigger,,ICC21,C001_NATIVE,,Boolean,C_81_Trigger,,,,FALSE,1,0,100,0,100,,FALSE,,FALSE,FALSE,FALSE,FALSE,FALSE,FALSE,0,0,0,0,1,1,1,1,1,1,0,0,0,0,0,0,0,0,0,0,0,0,Alarm,TRUE,0,1,1,Home.edd,,,,,,FALSE,,,FALSE,,,0,,,,,,,,,,,,,,,
ICC21.ReportGlobalsAndHeaderParamaters_Trigger,,ICC21,C001_NATIVE,,Boolean,C_91_Trigger,,,,FALSE,1,0,100,0,100,,FALSE,,FALSE,FALSE,FALSE,FALSE,FALSE,FALSE,0,0,0,0,1,1,1,1,1,1,0,0,0,0,0,0,0,0,0,0,0,0,Alarm,TRUE,0,1,1,Home.edd,,,,,,FALSE,,,FALSE,,,0,,,,,,,,,,,,,,,
