English ,Czech,Deutsch,Spanish,French,Italian,Polish,Portuguese,Russian,Turkish,Chinese,
Dashboard,Ovládací panel,Dashboard,Panel de control,Tableau de bord,Pannello di controllo,Pulpit,Painel,Личный кабинет,Ekran,指示板,
System         ,Systém         ,System,Sistema,Système,Sistema,System,Sistema,СИСТЕМА,Sistem,系统,
Sites,Lokality,Standorte,Sitios,Sites,Siti,Lokalizacje,Locais,Объекты,Sahalar,地点,
Controller,Ovládací jednotka,Steuergerät,Programador,Programmateur,Programmatore,Sterownik,Controlador,Контроллер,Kontrol Ünitesi,控制器,
Weather,Počasí,Wetter,Clima,Météo,Meteo,Pogoda,Tempo,Погода,Hava Durumu,天气,
Alarm / Info,Alarm / informace,Alarm / Info,Alarma / Info,Alarme/Information,Allarme / Info,Alarm / Informacja,Alarme/informações,Аварийный сигнал / информация,Alarm / Bilgi,警报 / 信息,
User Log,Protokol uživatele,Benutzerprotokoll,Registro de usuario,Journal d'utilisateur,Registro utenti,Rejestr użytkownika,Registro do usuário,Журнал пользователя,Kullanıcı Günlüğü,用户日志,
Setting,Nastavení,Einstellung,Configuración,Paramètre,Impostazione,Ustawienia,Configuração,Настройка,Ayarlar,设置,
Login,Přihlaste se,Anmelden,Entrar,Connexion,Accedi,Login,Login,Войти в систему,Oturum Aç,登录,
Running ,Spuštěno ,Betrieb,En ejecución,Fonctionnement,Irrigazione,Uruchomiona,Regando,Работает,Çalışıyor,运行中,
Stopped ,Zastaveno ,Gestoppt,Detenido,Arrêté,Interrotto,Zatrzymane,Interrompido,Остановлено,Durduruldu,已停止,
User,Uživatel,Benutzer,Usuario,Utilisateur,Utente,Użytkownik,Usuário,Пользователь,Kullanıcı,用户,
Communication Status,Stav komunikace,Kommunikationsstatus,Estado de la comunicación,Statut de communication,Stato della comunicazione,Status komunikacji,Status da comunicação,Состояние связи,İletişim Durumu,通信状态,
Controllers Status,Stav ovládacích jednotek,Steuergerätestatus,Estado de los Programadores,État des programmateurs,Stato dei programmatori,Statusy sterowników,Status dos controladores,Состояние контроллеров,Kontrol Ünitelerinin Durumu,控制器状态,
Irrigating:,Zavl.,Bewäs.,Riego,Irrig.,Irrig.,Nawad.,Irrig.,Орош.,Sulama,灌溉,
Alarmed :,Alarm.,Alarm.,Alrm.,Alrm.,Allarm.,Alarm.,Alrm.,Трев.,Alarm,报警,
Operation Status,Stav provozu,Betriebsstatus,Estado de la Operación,État de fonctionnement,Stato dell'operazione,Status działania,Status da operação,Рабочее состояние,Çalışma Durumu,操作状态,
Total Number Of Running Stations,Celkový počet spuštěných stanic,Gesamtzahl Stationen in Betrieb,Estac. en Func.,Nombre total de stations actives,Numero totale di stazioni in esecuzione,Łączna liczba uruchomionych sekcji,Número total de setores em execução,Всего запущенных станций,Toplam Çalışan İstasyon Sayısı,正在运行的站点数量,
Running Stations :,Běž. st.,Lauf. St.,Est. act.,St. en cours,St. att.,St. dział.,Est. em func.,Раб. ст.,Çal. ist.,运行站点,
Total Number Of Running P/MV,Celkový počet spuštěných P/MV,Gesamtzahl P/MV in Betrieb,Número total de P/MV en funcionamiento,Nombre total de P/MV actives,Numero totale di P/MV in esecuzione,Całkowita Liczba Działających P/MV,Número total de P/MVs em execução,Всего запущенных насосов (гл. клапанов),Toplam Çalışan P/MV Sayısı,正在运行的 PMV 数量,
Running P/MV :,Běž. P/MV,Lauf. P/MV,P/MV act.,P/MV en cours,P/MV att.,P/MV dział.,P/MV em func.,Раб. P/MV,Çal. P/MV,运行 P/MV,
Weather Station,Meteostanice,Wetterstation,Estación meteorológica,Station météorologique,Stazione meteorologica,Stacja pogody,Estação meteorológica,Метеостанция,Hava Durumu İstasyonu,气象站,
Air temperature,Teplota vzduchu,Lufttemperatur,La temperatura ambiental,La température de l'air,Temperatura dell'aria,Temperatura powietrza,Temperatura do ar,Температура воздуха,Hava sıcaklığı,气温,
C,C,C,C,C,C,C,C,C,C,C,
Atmospheric Pressure,Atmosférický tlak,Luftdruck,Presión Atmosférica,Pression atmosphérique,Pressione atmosferica,Ciśnienie atmosferyczne,Pressão atmosférica,Атмосферное давление,Atmosferik Basınç,大气压力,
 hPa, hPa,hPa,hPa,hPa,hPa,hPa,hPa,гПа,hPa,hPa,
Wind Direction,Směr větru,Windrichtung,Dirección del Viento,Direction du vent,Direzione del vento,Kierunek wiatru,Direção do vento,Направление ветра,Rüzgar Yönü,风向,
Wind Speed,Rychlost větru,Windstärke,Velocidad del viento,Vitesse du vent,Velocità del vento,Prędkość wiatru,Velocidade do vento,Скорость ветра,Rüzgar Hızı,风速,
 mph, m/h,mph,mph,mph,mph,mph,mph,миль/ч,mph,英里/小时,
Solar Radiation,Sluneční záření,Sonneneinstrahlung,La radiación solar,Rayonnement solaire,Radiazione solare,Promieniowanie słoneczne,Radiação solar,Солнечное излучение,Solar radyasyon,太阳辐射,
 Wm², W/m²,Wm²,Wm²,Wm²,Wm²,Wm²,Wm²,Вт/м²,Wm²,Wm²,
Humidity,Vlhkost vzduchu,Luftfeuchtigkeit,Humedad,Humidité,Umidità,Wilgotność,Umidade,Влажность,Nem,湿度,
Rainfall,Dešťové srážky,Niederschlag,Precipitación,Précipitations,Precipitazioni,Opady deszczu,Precipitação,Дождевые осадки,Yağış,降雨量,
AccumETo,AccumETo,AkkumETo,ETo Acum.,ETo accum.,AccumETo,AccumETo,ET acumulada,Общ. испарение,Toplam ETo,AccumETo,
Previous Day ETo,Předchozí den ETo,ETo Vortag,ETo del día anterior,ETo du jour précédent,ETo Giorno precedente,ETo z poprzedniego dnia,ET do dia anterior,Испарение за пред. день,Önceki Gün ETo,前一天 ETo,
 inch, palec,Zoll,pulgadas,pouce,pollici,cal,polegada,дюйм,inç,英寸,
Water Source Flow,Průtok vodního zdroje,Durchfluss Wasserquelle,Caudal de la fuente de agua,Débit de la source d'eau,Portata della fonte idrica,Przepływ źródła wody,Vazão da fonte de água,Расход на источнике,Su Kaynağı Debisi,水源流量,
 GPM, GPM,GPM,GPM,GPM,GPM,galon/min,GPM,Гал/мин,GPM,GPM,
Discharge Flow Status,Stav vypouštěného průtoku,Status der Abflussmenge,Estado de caudal de descarga,État du débit de décharge,Stato della portata di scarico,Stan przepływu opróżniania,Status da vazão de descarga,Расход на выходе,Deşarj Debi Durumu,排水流量状态,
Alarmed FZ:,Alarm. FZ,Alarm FZ,Alrm. ZF,Alrm. ZF,Allarm. ZF,Alarm. SF,Alrm. ZF,Трев. ЗФ,Alarm ZB,报警FZ,
Active FZ:,Akt. FZ,Akt. FZ,Act. ZF,Act. ZF,Att. ZF,Akty. SF,Ativ. ZF,Актив. ЗФ,Aktif ZB,活跃FZ,
Flow Rate ,Průtok ,Flowrate,Tasa de caudal,Débit,Portata,Natężenie przepływu,Taxa de vazão,Расход,Debi Hızı,流量,
Flow Total,Celkový průtok,Durchfluss gesamt,Caudal Total,Débit total,Totale portata,Całkowity przepływ,Total de vazão,Общий расход,Debi Toplamı,总流量,
Daily,Denně,Täglich,Diariamente,Tous les jours,Ogni giorno,Codziennie,Diário,Каждый день,Günlük,每日,
Weekly,týdně,wöchentlich,semanal,hebdomadaire,settimanale,co tydzień,semanal,Еженедельно,haftalık,每周,
Monthly,měsíčně,monatlich,mensual,mensuel,mensile,co miesiąc,mensal,Ежемесячно,aylık,每月,
Yearly,ročně,jährlich,anual,annuel,annuale,co rok,anual,Ежегодно,yıllık,每年,
Unified Commands ,Sjednocené příkazy ,Einheitliche Befehle,Comandos unificados,Commandes unifiées,Comandi unificati,Ujednolicone polecenia,Comandos unificados,Единые команды,Birleşik Komutlar,统一指令,
Site Operation Actions,Provozní činnosti na místě,Aktionen für den Standort,Acciones de operación del sitio,Actions d'exploitation du site,Azioni operative del sito,Działania w terenie,Ações de operação do local,Действия на объекте,Alan Çalıştırma İşlemleri,现场操作行为,
Auto Shutdown Stop Irrigation,Automatické vypnutí zavlažování,Automatische Abschaltung Bewässerungsstopp,Apagado automático del riego,Arrêt automatique de l'arrosage,Arresto automatico dell'irrigazione,Automatyczne wyłączanie nawadniania,Parar irrigação com desligamento automático,Автоматическое отключение полива,Otomatik Kapatma Sulama Durdurma,自动关闭停止灌溉,
Days Off,Dny bez zavlažování,Tage ohne Bewässerung,Días sin riego,Jours off,Giorni di inattività,Dni bez nawadniania,Dias sem rega,Дни отключения,Kapalı Günler,关闭天数,
Number Of Days :,Počet dní ,Anzahl der Tage,Número de días,Nombre de jours,Numero di giorni,Liczba dni,Número de dias:,Количество дней,Gün Sayısı,天数,
OFF,vyp,aus,OFF,OFF,OFF,WYŁ.,desl.,ВЫКЛ,OFF,关闭,
Global Seasonal Adjustment,Globální sezónní nastavení,Globale saisonale Anpassung,Ajuste estacional global,Réglage saisonnier global,Regolazione stagionale globale,Globalna regulacja sezonowa,Ajuste sazonal global,Глобальная сезонная корректировка,Global mevsimsel ayarlama,全局季节调整,
Seasonal :,Sezónní ,Saisonal,Estacional,Saisonnier,Stagionale,Sezonowe,Sazonal,Сезонная,Mevsimsel,季节性,
Suspend,Vypnout,Aussetzen,Suspender,Suspendre,Sospendi,Wstrzymaj,Suspender,Приостановить,Askıya Al,中止,
Pause, Pauza,Pause,Pausar,Pause,Pausa,Wstrzymaj,Pausar,Пауза,Duraklat,暂停,
Apply,Použití ,Anwd.,Apl.,Appl.,Appl.,Zast.,Apl.,Прим.,Uygula,应用,
Cancel,Zrušit,Abbr.,Canc.,Annul.,Annull.,Anul.,Canc.,Отм.,İptal,取消,
Top 10 Alarmed Controllers,10 nejlepších alarmových ovládacích jednotek,Top 10 Steuergeräte mit Alarm,Los 10 principales programadores con alarma,Top 10 des programmateurs activés,Top 10 programmatori con allarmi,10 najlepszych sterowników z alarmami,Os 10 principais controladores com alarme ativado,Топ 10 контроллеров с аварийными сигналами,İlk 10 Alarmlı Kontrol Ünitesi,报警最严重的10台控制器,
Rest,Zbytek,Rest,Reposo,Autres,Resto,Pozostałe,Descansar,Остальные,Dinlenme,休息,
Total Current Draw,Celk. pr.,Ges. Strom,Tot. corr.,Tot. courant,Tot. corr.,Razem prąd,Tot. corrente,Общ. ток,Top. akım,总电流消耗,
Total Current:,Celkový proud,Gesamtstrom,Corriente total,Courant total,Totale corrente,Prąd – łącznie,Total de corrente,Общий ток,Toplam Akım,总电流,
Amp,Amp,Amp,Amp,Amp,Amp,Amp,Amp,А,Amp,安培,
Alarm Analysis ,Analýza alarmů ,Alarmanalyse,Análisis de la alarma,Analyse d'alarme,Analisi degli allarmi,Analiza alarmów,Análise de alarmes,Анализ аварийных сигналов,Alarm Analizi,警报分析,
Total Alarms:,Celk. alarmy,Ges. Alarme,Tot. alarmas,Tot. alarmes,Tot. allarmi,Razem alarmy,Tot. alarmes,Всего тревог,Toplam alarm,总警报,
Cleared:,Akt.,Akt.,Act.,Act.,Att.,Aktyw.,Ativo,Актив.,Aktif,活跃,
Active:,Vyč.,Gel.,Borr.,Eff.,Canc.,Usun.,Limp.,Очищ.,Temizl.,清除,
Controller Info,Informace o řadiči,Steuergerät Info,Información del programador,Informations du contrôleur,Info programmatore,Informacje o sterowniku,Informações do controlador,Инфо контрол.,Kontrol Ünitesi Bilgisi,控制器信息,
Controller Date/Time,Datum/čas ovladače,Steuergerät Datum/Uhrzeit,Fecha/Hora del controlador,Date/heure du programmateur,Data/ora del programmatore,Data/godzina sterownika,Data/Hora do controlador,Дата/время на контроллере,Kontrol Ünitesi Tarih/Saat,控制器日期/时间,
Time ,Čas ,Zeit,Hora,Heure,Tempo,Czas,Tempo,Время,Süre,时间,
Date,Datum,Datum,Fecha,Date,Data,Data,Data,Дата,Tarih,日期,
Display Language,Jazyk zobrazení,Anzeigesprache,Idioma de pantalla,Langue d'affichage,Lingua di visualizzazione,Język wyświetlania,Idioma de exibição,Язык отображения,Görüntüleme dili,显示语言,
Display Units,Zobrazovací jednotky,Anzeigeeinheiten,Unidades de pantalla,Unités d'affichage,Unità di visualizzazione,Jednostki wyświetlania,Unidades de exibição,Единицы отображения,Görüntüleme birimleri,显示单位,
Firmware Version,Verze firmwaru,Firmware-Version,Versión de firmware,Version micrologiciel,Versione del firmware,Wersja oprogramowania,Versão do firmware,Версия прошивки,Yazılım Sürümü,固件版本,
Station Size ,Velikost stanice ,Stationsgröße,Número de estaciones,Nombre de station,Dimensione Stazione,Rozmiar sekcji,Tamanho do setor,Число станций,İstasyon Boyutu,站点大小,
Controller Type,Typ ovladače,Steuergerätetyp,Tipo de controlador,Type de contrôleur,Tipo di controller,Typ kontrolera,Tipo de controlador,Тип контроллера,Kontrolör Türü,控制器类型,
Controller Status,Stav ovládací jednotky,Status des Steuergeräts,Estado del programador,État du programmateur,Stato del programmatore,Stan sterownika,Status do controlador,Состояние контроллера,Kontrol Ünitesi Durumu,控制器状态,
Shutdown ,Vypnutí ,Abschalten,Apagado,Éteindre,Arresto,Wyłączenie,Desligamento,Выключение,Kapatma,关闭,
Days Off Active,Dny vypnuto aktivní,Tage ohne Bewässerung aktiviert,Días sin riego activos,Jours sans arrosage activés,Giorni di inattività abilitato,Dni bez aktywnego nawadniania,Dias sem rega ativos,Активные дни отключения,Aktif Olmayan Günler,关闭天数已激活,
Irrigating ,Zavlažování ,Bewässerung läuft,Regando,Arrosage en cours,Sta irrigando,Nawadnianie,Irrigando,Полив,Suluyor,灌溉中,
Remaining Days Off,Zbývající dny volna,Verbleibende freie Tage,Días libres restantes,Jours de congé restants,Giorni liberi rimanenti,Pozostałe dni wolne,Dias de folga restantes,Ост. Выходные,Kalan İzin Günleri,剩余休假天数,
Days,Dny,Tage,días,jours,Gg.,Dni,dias,дней,gün,天数,
GPM,GPM,GPM,GPM,GPM,GPM,galon/min,GPM,Гал/мин,GPM,GPM,
LPM,LPM,L/min,LPM,l/min,LPM,l/min,LPM,л/мин,L/dak,LPM,
Controller Flow Rate ,Říd. průt.,Steuer. Fl.,Cont. flujo,Débit ctrl.,Flusso ctrl.,Przep. ster.,Fluxo ctrl.,Поток контр.,Kont. akış,控制器流量,
Clik Sensor 1,Senzor Clk 1,Clik Sensor 1,Sensor de Clk 1,Sonde Clik 1,Sensore Clk 1,Czujnik Clik 1,Sensor Clk 1,Датчик Clik 1,Clik Sensörü 1,Clk 传感器 1,
Clik Sensor 2,Senzor Clk 2,Clik Sensor 2,Sensor de Clk 2,Sonde Clik 2,Sensore Clk 2,Czujnik Clik 2,Sensor Clk 2,Датчик Clik 2,Clik Sensörü 2,Clk 传感器 2,
Clik Sensor 3,Senzor Clk 3,Clik Sensor 3,Sensor de Clk 3,Sonde Clik 3,Sensore Clk 3,Czujnik Clik 3,Sensor Clk 3,Датчик Clik 3,Clik Sensörü 3,Clk 传感器 3,
InActive,Neaktivní,Inaktiv,Inactivo,Inactif,Inattivo,Nieaktywne,Inativo,Неактивен,Aktif değil,未激活,
Active,blokuje zavlažování,aktiv,activo,Active,Attivo,Aktywny,Ativo,активен,etkin,激活,
Controller Alarm,Poplach Řadiče,Controller-Alarm,Alarma del Controlador,Alarme du Contrôleur,Allarme del Controller,Alarm Kontrolera,Alarme do Controlador,Тревога Контроллера,Kontrolör Alarmı,控制器警报,
Alarm  Info,Informace o alarmu,Alarminfo,Información de la alarma,Informations sur l'alarme,Informazioni sull'allarme,Informacje o alarmie,Informações do alarme,Об аварийном сигнале,Alarm Bilgisi,警报信息,
Station Size is Zero,Velikost stanice je nula,Stationsgröße ist Null,El número de estaciones es cero,Le nombre de station est de zéro,La dimensione della stazione è zero,Rozmiar sekcji wynosi zero,O tamanho do setor é zero,Число станций равно 0,İstasyon Boyutu Sıfır,站点大小为零,
Power Outage Detected,Výpadek,Stromausfall,Corte energía,Panne courant,Blackout,Awaria zasil.,Falha energia,Отключ. питания,Güç kesintisi,停电,
Max.  Transformer Current,Max proud,Max Strom,Máx corriente,Courant max,Corrente max,Maks prąd,Corrente máx,Макс ток,Maks. akım,最大电流,
Decoder Module is Overloaded,Dek. přetíž.,Dek. überlast.,Decod. sobrec.,Décod. surch.,Decoder sovr.,Dek. przeciąż.,Decod. sobrec.,Дек. перегруз.,Dekoder aşırı,解码器过载,
Low Voltage Fault Detected,Nízké nap.,Niedersp.,Baja voltaje,Basse tension,Bassa tensione,Niskie napięcie,Baixa tensão,Низк. напр.,Düşük voltaj,低电压故障,
Station Fault Detected,Chyba st.,Stationsfehler,Falla estación,Défaut station,Guasto staz.,Błąd stacji,Falha estação,Станц. ошибка,İstasyon hatası,站点故障,
P/MV Fault Detected,Chyba P/MV,P/MV-Fehler,Falla P/MV,Défaut P/MV,Guasto P/MV,Błąd P/MV,Falha P/MV,Ошибка P/MV,P/MV hatası,P/MV故障,
Sensor Decoder Fault Detected,Chyba senz.,Sensorfehler,Falla sensor,Défaut capteur,Guasto sensore,Błąd czujnika,Falha sensor,Ошибка датчика,Sensör hatası,传感器故障,
Station Flow Alarm Detected,Alarm průt.,Flussalarm,Alarma flujo,Alarme débit,Allarme flusso,Alarm przepł.,Alarme fluxo,Поток тревога,Akış alarmı,流量警报,
MainSafe/Flow Zone Alarm Detected,Alarm zóny,Zonenalarm,Alarma zona,Alarme zone,Allarme zona,Alarm strefy,Alarme zona,Зона тревога,Bölge alarmı,区域警报,
Clik Sensor Alarm Detected,Alarm Clik,Clik-Alarm,Alarma Clik,Alarme Clik,Allarme Clik,Alarm Clik,Alarme Clik,Тревога Clik,Clik alarmı,Clik警报,
Weather Sensor Com. Fault,Chyba počasí,Wetter Fehler,Falla sensor,Défaut météo,Guasto meteo,Błąd pogody,Falha meteor.,Ошибка погоды,Hava sensör hat.,天气故障,
RTC Fault Detected,Chyba RTC,RTC-Fehler,Falla RTC,Défaut RTC,Guasto RTC,Błąd RTC,Falha RTC,Ошибка RTC,RTC hatası,RTC故障,
CAN Bus Fault Detected,Chyba CAN,CAN-Fehler,Falla CAN,Défaut CAN,Guasto CAN,Błąd CAN,Falha CAN,Ошибка CAN,CAN hatası,CAN故障,
Weather Sensor Alarm Detected,Alarm počasí,Wetter-Alarm,Alarma sensor,Alarme météo,Allarme meteo,Alarm pogody,Alarme meteor.,Тревога погоды,Hava alarmı,天气警报,
Clik Sensor Rain Delay Alarm,Zpož. deště,Regenverzöger.,Retraso lluvia,Retard pluie,Ritardo pioggia,Opóźn. deszczu,Atraso chuva,Задержка дождя,Yağmur gecik.,雨延迟,
NWW Violation Detected,Poruš. NWW,NWW-Verstoß,Infracción NWW,Violation NWW,Violazione NWW,Naruszenie NWW,Violação NWW,Наруш. NWW,NWW ihlali,NWW违规,
Weather Sensor Rain Delay Alarm,Alarm deště,Regen-Alarm,Alarma lluvia,Alarme pluie,Allarme pioggia,Alarm deszczu,Alarme chuva,Тревога дождя,Yağmur alarmı,雨警报,
Controller Information,Info řadiče,Steuer. Info,Info control.,Info contrôle,Info controller,Info sterown.,Info control.,Инфо контрол.,Kontrol bilgi,控制器信息,
Controller is Irrigating,Zavlažuje,Bewässert,Regando,Irrigue,Irrigando,Nawadnia,Irrigando,Орошает,Sulama,灌溉,
Shutdown is Active,Vypnutí akt.,Abschalt. akt.,Apagado act.,Arrêt actif,Speg. attivo,Wyłącz. akt.,Deslig. ativo,Откл. активно,Kapatma akt.,关机已启用,
Days off Active,Dny volna akt.,Ruhetage akt.,Días libres,Jours repos,Giorni pausa,Dni wolne,Dias folga,Выходные актив.,Tatil günleri,休息日已启用,
Controller Suspend is Active,Pozastav. akt.,Pausiert akt.,Suspendido act.,Suspension act.,Sospeso attivo,Wstrzym. akt.,Suspenso ativo,Приост. акт.,Askıya alındı,暂停已启用,
Controller Pause is Active,Pauza akt.,Pause akt.,Pausa act.,Pause active,Pausa attiva,Pauza akt.,Pausa ativa,Пауза активна,Duraklatma akt.,暂停已启用,
Clik Sensor is Active,Clik akt.,Clik aktiv,Clik activo,Clik actif,Clik attivo,Clik aktywny,Clik ativo,Clik активен,Clik aktif,Clik已启用,
Station Size Changed,Velik. změněna,Größe geändert,Tamaño camb.,Taille modif.,Dimens. cambiata,Rozmiar zmien.,Tamanho alter.,Размер изм.,Boyut değişti,大小已更改,
Controller Inventory Changed,Inv. změněn,Bestand geänd.,Inventario camb.,Invent. modif.,Inventario camb.,Inwentarz zm.,Inventário alt.,Инвент. изм.,Envanter değiş.,库存已更改,
Data was Reset,Reset dat,Daten-Reset,Restablecer dat,Données reset,Reset dati,Reset danych,Reset dados,Данные сброш.,Veri sıfırla,数据已重置,
Configuration was Updated,Konfig. akt.,Konfig. akt.,Config. act.,Config. maj.,Config. aggior.,Konfig. zakt.,Config. att.,Конфиг. обнов.,Yapılandırma,配置已更新,
Make is Active,Make akt.,Make aktiv,Make activo,Make actif,Make attivo,Make aktywny,Make ativo,Make активен,Make aktif,Make已启用,
Time/Date was Updated,Čas/dat akt.,Zeit/Datum akt.,Hora/Fecha act.,Heure/Date maj.,Ora/Data aggior.,Czas/Data akt.,Hora/Data att.,Время/Дата акт.,Zaman/Tarih,时间/日期已更新,
Active Event List Full,Seznam plný,Liste voll,Lista llena,Liste pleine,Elenco pieno,Lista pełna,Lista cheia,Список полон,Olay list. dolu,事件列表已满,
A Program was Stopped,Program stop,Programm stop,Programa stop,Programme stop,Programma stop,Program stop,Programa stop,Программа стоп,Program durdu,程序已停止,
A Block was Stopped,Blok stop,Block stop,Bloque stop,Bloc stop,Blocco stop,Blok stop,Bloco stop,Блок стоп,Blok durdu,区块已停止,
A Station or PMW was Stopped,Stanice stop,Station stop,Estación stop,Station stop,Stazione stop,Stacja stop,Estação stop,Станция стоп,İstasyon durdu,站点已停止,
All Irrigation was Stopped,Zavlaž. stop,Bewässer. stop,Riego stop,Irrigation stop,Irrigazione stop,Nawadnianie stop,Irrigação stop,Орошение стоп,Sulama durdu,灌溉已停止,
Condition Response Statement Started,Podmínka akt.,Beding. akt.,Condición ini.,Condition act.,Condizione avv.,Warunek akt.,Condição ini.,Условие запущ.,Koşul başladı,条件已启动,
Weather Sensor is Active,Počasí akt.,Wetter akt.,Clima activo,Météo actif,Meteo attivo,Pogoda aktywna,Clima ativo,Погода активна,Hava akt.,天气已启用,
Decoder Wire Test Mode Active,Test drátu akt.,Draht Test akt.,Prueba cable,Test fil act.,Test filo att.,Test przew. akt.,Teste fio akt.,Тест провода,Kablo testi,线路测试模式,
Controller Flow Diagnostic is Active,Diagn. průt.,Flussdiagnose,Diagnóstico flujo,Diagnostic débit,Diagnostica flusso,Diagnostyka przepływu,Diagnóstico fluxo,Диагност. потока,Akış teşhisi,流量诊断,
Diagnostics,Diagnostika,Diagnosen,Diagnósticos,Diagnostic,Diagnostica,Diagnostyka,Diagnósticos,Диагностика,Arıza Tespiti,诊断,
Alarm Info ,Informace o alarmu ,Alarminfo,Información de la alarma,Informations sur l'alarme,Informazioni sull'allarme,Informacje o alarmie,Informações do alarme,Информация о сингале,Alarm Bilgisi,警报信息,
Module Info,Informace o modulu,Modulinformationen,Información de módulo,Module Info,Info modulo,Info o module,Info do módulo,Информация о модуле,Modül Bilgisi,模块信息,
Module 1,Modul 1,Modul 1,Módulo 1,Module 1,Modulo 1,Moduł 1,Módulo 1,Модуль 1,Modül 1,模块 1,
Module 2,Modul 1,Modul 1,Módulo 2,Module 2,Modulo 2,Moduł 2,Módulo 2,Модуль 2,Modül 2,模块 2,
Module 3,Modul 1,Modul 1,Módulo 3,Module 3,Modulo 3,Moduł 3,Módulo 3,Модуль 3,Modül 3,模块 3,
Trend Viewer,Prohlížeč Trendů,Trendanzeige,Visor de Tendencias,Visualisateur de Tendances,Visualizzatore di Tendenza,Przeglądarka Trendów,Visualizador de Tendências,Просмотр Трендов,Trend Görüntüleyici,趋势查看器,
Current,Aktuální,Aktuell,Actual,Actuel,Corrente,Bieżąca,Atual,Текущая,Mevcut,电流,
Transformer,Transformátor,Transformator,Transformador,Transformateur,Trasformatore,Transformator,Transformador,Трансформатор,Transformatör,变压器,
  mA,  mA,mA,mA,mA,mA,mA,mA,мА,mA,mA,
Module is Installed ,Modul je nainstalován,Modul ist installiert,El módulo está instalado,Le module est installé,Il modulo è installato,Moduł jest zainstalowany,Módulo está instalado,Модуль установлен,Modül Yüklendi,模块已安装,
is Installed ,Je nainstalováno ,ist installiert,está instalado,Est installé,è installato,Zainstalowano,está instalado,установлен,Yüklendi,已安装,
Overload Status,Stav přetížení,Überlaststatus,Estado de sobrecarga,État de surcharge,Stato di sovraccarico,Status przeciążenia,Status de sobrecarga,Состояние перегрузки,Aşırı Yük Durumu,过载状态,
Path Status ,Stav cesty ,Leitungsstatus,Estado del cable,État du signal,Stato del percorso,Status ścieżki,Status do circuito,Состояние проводки,Hat Durumu,回路状态,
Output Mode,Režim výstupu,Ausgangsmodus,Modo de salida,Mode de sortie,Modalità di uscita,Tryb wyjściowy,Modo de saída,Режим на выходе,Çıkış Modu,输出模式,
Watering Status,Stav zavlažování,Beregnungsstatus,Estado del riego,État de l'arrosage,Stato irrigazione,Status nawadniania,Status da rega,Состояние полива,Sulama Durumu,灌溉状态,
Lock Out Time  ,Čas uzamčení  ,Lockout Zeit,Tiempo de bloqueo,Temps de verrouillage,Tempo di blocco,Czas blokady,Tempo de bloqueio,Время блокировки,Kilitlenme Süresi,锁定时间,
Sec,sek,Sek,s,sec,Sec,Sek,s,с,sn,秒,
Current Draw,Aktuální odběr proudu,Stromaufnahme,Corriente,Consommation de courant,Assorbimento di corrente,Pobór prądu,Consumo de corrente,Рабочий ток,Anlık Akım,耗电量,
Trend ,Trend ,Trend,Tendencia,Tendance,Tendenza,Tendencja,Tendência,Тенденция,Trend,趋势,
 Module, Modul,Modul,Módulo,Module,Modulo,Moduł,Módulo,Модуль,Modül,模块,
PMV,PMV,PMV,B/VM,PMV,PMV,PMV,PMV,P MV,PMV,PMV,
Station,Stanice ,Station,Estac.,Station,Staz.,Sekcja,Setor,Станция,İstas.,站点,
Device Number :,Číslo zařízení :,Gerätenummer :,Número del dispositivo :,Numéro de l'appareil :,Numero dispositivo :,Numer urządzenia :,Número do dispositivo :,Номер устройства :,Cihaz Numarası :,设备编号 :,
Device Info,Informace o zařízení,Geräteinfo,Información del dispositivo,Informations sur l'appareil,Informazioni dispositivo,Informacje o urządzeniu,Informações do dispositivo,Информация об устройстве,Cihaz Bilgisi,设备信息,
Device Type,Typ zař.,Gerätetyp,Tipo disp.,Type app.,Tipo disp.,Typ urz.,Tipo disp.,Тип устр.,Cihaz türü,设备类型,设备类型
Device Number ,Číslo zařízení ,Gerätenummer,Número del dispositivo,Numéro de l'appareil,Numero dispositivo,Numer urządzenia,Número do dispositivo,Номер устройства,Cihaz Numarası,设备编号,
No,Ne,Nein,No,Non,No,Nie,Não,Нет,Hayır,否,
Yes ,Ano ,Ja,Sí,Oui,Sì,Tak,Sim,Да,Evet,是,
 Load Present, Zatížení přítomné,Last anliegend,Carga presente,Charge présente,Carica presente,Pobierz,Carga presente,Есть нагрузка,Yük Mevcut,存在负载,
Device Current Draw (Last Reading),Aktuální odběr proudu zařízení (poslední čtení),Stromaufnahme des Geräts (letzter Messwert),Consumo de corriente del dispositivo,Consommation de courant de l'appareil,Assorbimento del dispositivo (ultima lettura),Pobór prądu urządzenia (ostatni odczyt),Consumo de corrente do dispositivo,Рабочий ток устройства (последнее показание),Cihaz Anlık Akım (Son Okuma),设备耗电量（上次读数）,
Decoder Communication  %, Komunikace dekodéru ,Decoder Kommunikation,Comunicación del decodificador,Communication avec le décodeur,Comunicazione decoder,Komunikacja dekodera,Comunicação do decodificador,Связь с декодером,Dekoder İletişimi,解码器通信,
Station,Stanice,Station,Estac.,Station,Staz.,Sekcja,Setor,Станция,İstas.,站点,
 Sensor, Senzor,Sensor,Sensores,Sonde,Sensore,Czujnika,Sensor,Датчик,Sensör,传感器,
 MV, MV,MV,MV,Électrovanne principale,MV,MV,MV,Гл. клапан,MV,主阀,
Number Of Reported Devices ,Počet nahlášených zařízení ,Anzahl der erfassten Geräte,Número de dispositivos reportados,Nombre de dispositifs signalés,Numero di dispositivi segnalati,Liczba zgłoszonych urządzeń,Número de dispositivos relatados,Кол-во заявленных устройств,Raporlanan Cihaz Sayısı,报告的设备数量,
Generating report Please wait ...,"Generuji zprávu, prosím, počkejte...",Bericht wird generiert. Bitte warten ...,"Generando informe. Por favor, espere...",Génération du rapport en cours. Veuillez patienter.,Generazione report in corso. Attendere...,Generowanie raportu. Proszę czekać...,Gerando relatório. Aguarde...,"Отчет формируется. Пожалуйста, подождите...",Rapor oluşturuluyor Lütfen bekleyin...,正在生成报告 请稍候...,
Operation Commands ,Operační příkazy ,Steuerbefehle,Comandos de operación,Commandes d'utilisation,Comandi operativi,Polecenia operacyjne,Comandos de operação,Команды управления,Operasyon Komutları,操作指令,
Manual Operation  ,Manuální ovládání  ,Manueller Betrieb,Funcionamiento manual,Utilisation manuelle,Funzionamento manuale,Tryb obsługi ręcznej,Operação manual,Ручной режим,Manuel Çalıştırma,手动运行,
Actions,Akce,Aktionen,Acciones,Actions,Azioni,Czynności,Ações,Действия,İşlemler,操作,
Seasonal adjust,Sezón. nast.,Sais. Anp.,Ajuste est.,Adj. saison.,Reg. stag.,Dostos. sez.,Ajuste saz.,Сезон. кор.,Mevs. ayar.,季节性调整,
Start  Events,Spustit jednu událost,Einzelnes Ereignis starten,iniciar un evento único,démarrer un événement unique,iniziare un singolo evento,Uruchom pojedyncze zdarzenie,iniciar evento único,Запуск одной операции,tek etkinliği başlat,启动单个事件,
block,blok,Block,bloque,Bloc,Blocco,blok,bloco,блок,blok,站点组,
PMV,PMV,PMV,B/VM,PMV,PMV,PMV,PMV,P MV,PMV,PMV,
Device Number,Číslo zařízení,Gerätenummer,Número del dispositivo,Numéro de l'appareil,Numero dispositivo,Numer urządzenia,Número do dispositivo,Номер устройства,Cihaz Numarası,设备编号,
Min,Min,Min,Min,Min,Min,Min,Mín,мин,Min,分,
Run Time  ,Délka zavlažování  ,Laufzeit,Tiempo de riego,Durée d’arrosage,Tempo di irrigazione,Czas pracy,Tempo de rega,Время работы,Çalışma Süresi,运行时间,
Start Multiple Events,Spust. více udál.,Mehr. Ereign. start.,Inic. múlt. evnt.,Dém. mult. évnt.,Avv. mult. eventi,Uruch. wiele zdar.,Inic. múlt. evnt.,Зап. неск. соб.,Çoklu olay başl.,开始多个事件 开始,
Start Program,Spustit program,Programm starten,Iniciar Prg,Démarrer le programme,Avvia programma,Włącz program,Iniciar programa,Start Program («Запустить программу»),Programı Başlat,启动程序,
Program Number:,Číslo programu ,Programm Nummer,Número de programa,Numéro du programme,Numero del programma,Numer programu,Número do programa,Номер программы,Program Numarası,程序编号,
Start From,Začít od,Beginnen ab,Empezar desde,À partir de,Iniziare da,Zacznij od,Começar de,Начать с,Başla'dan,从开始,
Beginning,Začátek,Beginn,Comienzo,Début,Inizio,Początek,Início,Начало,Başlangıç,开始,
Specific Event,Konkrétní událost,Spezifisches Ereignis,Evento específico,Événement spécifique,Evento specifico,Specyficzne wydarzenie,Evento específico,Конкретная операция,Özel Etkinlik,特定事件,
Start,Start,Start,Iniciar,Démarrer,Avvia,Rozpocznij,Iniciar,ЗАПУСК,Başlat,开始,
Stop,Stop,Stop,Detener,Arrêter,Stop,Stop,Parar,Останов,Durdur,停止,
Stop Program Number  ,Zastavit číslo programu  ,Stopp Programm Nummer,Número de paradas de programa,Numéro d'arrêt de programme,Ferma il programma numero,Wstrzymaj program numer,Número para interromper o programa,Остановить программу №,Program Numarasını Durdur,停止程序编号,
Stop Blocks,Zastavit bloky,Blöcke stoppen,Detener bloques,Arrêter les blocs,Ferma Blocchi,Wstrzymaj blok,Interromper blocos,Остановить блоки,Blokları Durdur,停止站点组,
Block Number  ,Číslo bloku  ,Block Nummer,Número de bloque,Numéro de bloc,Blocco numero,Numer bloku,Número do bloco,Номер блока,Blok Numarası,站点组编号,
Stop Stations,Zastavit stanice,Stationen beenden,Detener estaciones,Arrêter les stations,Arrestare le stazioni,Wstrzymaj sekcje,Interromper setores,Остановить работу станций,İstasyonları Durdur,停止站点,
Station Number ,Název stanice ,Stationsnummer,Número de estación,Numéro de la station,Numero stazione,Numer sekcji,Número da estação,Номер зоны,İstasyon Numarası,站点编号,
Actions,Akce,Aktionen,Acciones,Actions,Azioni,Czynności,Ações,Действия,İşlemler,操作,
Actions,Akce,Aktionen,Acciones,Actions,Azioni,Czynności,Ações,Действия,İşlemler,操作,
Set Days Off  ,Nastavení dnů bez závlahy  ,Tage ohne Bewässerung festlegen,Configurar días sin riego,Définir les jours sans arrosage,Imposta giorni di inattività,Ustaw dni bez nawadniania,Configurar dias sem rega,Задать дни отключения,Kapalı Günleri Ayarlayın,设置关闭天数,
Days,Dny,Tage,días,jours,giorni,Dni,dias,дней,gün,天数,
Apply,Použití ,Anwd.,Apl.,Appl.,Appl.,Zast.,Apl.,Прим.,Uygula,应用,
Shutdown,Vypnout,Abschalten,Apagado,Éteindre,Arresto,Wyłączenie,Desligamento,Выключение,Kapat,关闭,
Auto,Auto,Automatisch,Auto,Auto,Auto,Automat.,Aut.,Авт.,Otomatik,自动,
Stop Irrigation,Zast. zavl.,Bewäs. stop,Det. riego,Arrêt irr.,Arresta irr.,Stop naw.,Parar irrig.,Стоп полив,Sulama dur.,停止灌溉,
Suspend Irrigation,Poz. zavl.,Bewäs. paus.,Susp. riego,Susp. irr.,Sosp. irr.,Wstrz. naw.,Susp. irrig.,Приост. ор.,Sul. askıya,中断灌溉,
Cancel Suspend ,Zrušit pozastavení ,Aussetzen aufheben,Cancelar Suspender,Annuler la suspension,Annullare la sospensione,Anuluj zawieszenie,Cancelar a suspensão,Отменить приостановку,Askıya Almayı İptal Et,取消中断,
Pause Mode,Režim pauzy,Pausenmodus,modo de pausa,mode veille,Modalità Pausa,Tryb wstrzymania,Modo de pausa,Режим паузы,Duraklatma Modu,暂停模式,
Cancel Pause ,Zrušit pauzu ,Pause aufheben,Cancelar Pausar,Annuler la pause,Annulla pausa,Anuluj wstrzymanie,Cancelar pausa,Отменить паузу,Duraklatmayı İptal Et,取消暂停,
Seasonal Adjust,Sezón. nast.,Sais. Anp.,Ajuste est.,Adj. saison.,Reg. stag.,Dostos. sez.,Ajuste saz.,Сезон. кор.,Mevs. ayar.,季节性调整,
Seasonal Adjustment,Sezónní nastavení,Saisonale Anpassung,Ajuste estacional,Le réglage saisonnier,Regolazione stagionale,Seasonal Adjustment (Korekta sezonowa),Regulação sazonal,Сезонное регулирование,Mevsimsel Ayar,季节性调整,
Global,Globální  ,Global,Global,Global,Globale,Globalny,Global,Глобальные,Küresel,全局,
Trend,Trend,Trend,Tendencia,Tendance,Tendenza,Tendencja,Tendência,Тенденция,Trend,趋势,
Monthly Seasonal Adjustment,Měsíční sezónní nastavení,Monatliche saisonale Anpassung,Ajuste estacional mensual,Réglage saisonnier mensuel,Regolazione stagionale mensile,Miesięczna korekta sezonowa,Regulação sazonal mensal,Сезонная корректировка по месяцам,Aylık Mevsimsel Ayar,每月季节性调整,
Jan  ,Led  ,Jan,Ene,Jan,Gen,Sty,Jan,Янв,Oca,一月,
Feb ,Úno ,Feb,Feb,Fév,Feb,Lut,Fev,Фев,Şub,二月,
Mar  ,Bře  ,März,Mar,Mar,Mar,Mar,Mar,Мар,Mar,三月,
Apr ,Dub ,Apr,Abr,Avr,Apr,Kwi,Abr,Апр,Nis,四月,
May  ,Kvě  ,Mai,May,Mai,Maggio,Maj,Mai,Май,May,五月,
Jun ,Čen ,Juni,Jun,Jun,Giugno,Cze,Jun,Июн,Haz,六月,
Jul  ,Čec  ,Juli,Jul,Jul,Lug,Lip,Jul,Июл,Tem,七月,
Aug ,Srp ,Aug,Ago,Aoû,Ago,Sie,Ago,Авг,Ağu,八月,
Sep  ,Zář  ,Sep,Sep,Sep,Set,Wrz,Set,Сен,Eyl,九月,
Oct ,Říj ,Okt,Oct,Oct,Ott,Paź,Out,Окт,Eki,十月,
Nov  ,Lis  ,Nov,Nov,Nov,Nov,Lis,Nov,Ноя,Kas,十一月,
Dec  ,Pro  ,Dez,Dic,Déc,Dic,Gru,Dez,Дек,Ara,十二月,
Cancel,Zrušit,Abbr.,Canc.,Annul.,Annull.,Anul.,Canc.,Отм.,İptal,取消,
Set,Nastavit,Einstellen,Configurar,Régler,Imposta,Ustaw,Configurar,Задать,Ayarla,设置,
Edit,Upravit,Bearbeiten,Editar,Modifier,Modifica,Edytuj,Editar,Редактировать,Düzenle,编辑,
Operation Status,Stav provozu,Betriebsstatus,Estado de la operación,État de fonctionnement,Stato dell'operazione,Status działania,Status da operação,Рабочее состояние,Çalışma Durumu,操作状态,
Total Active :,Celkem aktivní :,Insgesamt aktiv :,Total activo :,Total actif :,Totale attive :,Łącznie Aktywne :,Total ativo :,Всего акт. :,Toplam Aktif :,总激活数 :,
Flow Zones   ,Zóny průt.,Flusszonen,Zonas flujo,Zones débit,Zone flusso,Strefy przep.,Zonas fluxo,Зоны потока,Akış bölg.,流量分区,
Master Valves ,Hlavní ventily ,Hauptventile,Válvulas maestras,Électrovannes principales,Master Valves,Zawory główne,Válvulas mestres,Главные клапаны,Ana Vanalar,主阀,
Stations,Jednotky ,Stationen,Estaciones,Stations,Stazioni,Sekcje,Estações,Метеостанции,İstasyonlar,站点,
Irrigation schedule,Zavlažovací plán,Bewässerungszeitplan,Programa de riego,Programme d'arrosage,Programma di Irrigazione,Harmonogram Nawadniania,Cronograma de Irrigação,График полива,Sulama programı,灌溉计划,
Program Number       ,Číslo programu       ,Programm Nummer,Número de programa,Numéro du programme,Numero del programma,Numer programu,Número do programa,Номер программы,Program Numarası,程序编号,
Get,Získat,Abrufen,Obtener,Obtenir,Ottieni,Odbierz,Obter,Получить,Al,获取,
Mode,Režim,Modus,Modo,Mode,Modo,Tryb,Modo,Режим,Mod,模式,
Days of Week,Dny v týdnu,Wochentage,Días semana,Jours semaine,Giorni settimana,Dni tygodnia,Dias da semana,Дни недели,Hafta günleri,工作日,
Num Of Programs,Číslo,Nummer,Número,Nombre,Numero,Liczba,Número,Количество,Sayı,数量,
Generate report,Vytvořit zprávu,Bericht erstellen,Generar informe,Générer le rapport,Generare il report,Wygeneruj raport,Gerar relatório,Составить отчет,Rapor oluştur,生成报告,
Seasonal Adjust Mode:,Sezónní nastavení,Saisonale Anpassung,Ajuste estacional,Ajustement saisonnier,Regolazione stagionale,Korekta sezonowa,Ajuste sazonal,Сезонная регулировка,Mevsimsel Ayar,季节性调整,
Mode:,Režim,Modus,Modo,Mode,Modo,Tryb,Modo,Режим,Mod,模式,
Global,Globální,Global,Global,Global,Globale,Globalny,Global,Глобальные,Küresel,全局,
Water Days:, Dny závlahy,Bewäs. Tg.,Días riego,Jours irr.,Giorni irr.,Dni naw.,Dias irr.,Дни полива,Sul. günleri,灌溉日,
Mon,Po ,MO,LUN,LUN,LUN,Pn,SEG,Пн,Pzt,周一,
Tue,Út ,DI,MAR,MAR,MAR,Wt,TER,Вт,Sal,周二,
Wed,St ,MI,MIÉ,MER,MER,Śr,QUA,Ср,Çar,周三,
Thu,Čt ,DO,JUE,JEU,GIO,Cz,QUI,Чт,Per,周四,
Fri,Pá ,FR,VIE,VEN,VEN,Pt,SEX,Пт,Cum,周五,
Sat,So ,SA,SÁB,Sam,SAB,So,Sáb,Сб,Cts,周六,
Sun,Ne,SO,DOM,DIM,DOM,Nd,DOM,Вс,Paz,周日,
Ignore Calendar Days Off:,Ignorovat dny bez závlah ,Passive Tage ignorieren,Ignorar días de no riego,Ignorer les jours off,Ignora giorni calendario Off,Ignoruj Dni Wolne w Kalendarzu:,Ignorar dias sem irrigação,Игнор. календ.,Kapalı Olan Günleri Yoksay,忽略日历关闭天数,
Enabled,Povoleno,Aktiviert,Habilitar,Activé,Abilitato,Aktywny,Ativado,Включено,Etkin,已开启,
Program     ,Program     ,Progr.,Progra.,Prog.,Progr.,Program,Progr.,Прогр.,Program,程序,
Mode,Režim,Modus,Modo,Mode,Modo,Tryb,Modo,Режим,Mod,模式,
Auto, Auto,Automatisch,Auto,Auto,Auto,Automat.,Aut.,Авт.,Otomatik,自动,
Manual,Manuál,Manuell,Manual,Manuel,Manuale,Ręczny,Manual,Ручной,Manuel,手动,
Start Times,Startovací časy ,Startzeiten,Horas de inicio,Heures de début,Tempi di avvio,Czas startu,Horários de início,Время запуска полива,Başlangıç Zamanları,启动次数,
Stack or Overlap:,Spojování /  Překrytí,Stapeln / Überschneiden,Secuenc. / Solapar,Décalage / Chevauchement,Accodamento / Sovrapposizione,Spiętrzaj / Nakładaj,Pilha / Sobreposição,Стек/Нахл.,Küme / Örtüşme,堆叠 / 重叠,
 Overlap, Překrytí,Überlappen,Solapar,Superposer,Sovrapporre,Nakładaj,Sobrepor,Наложение,Örtüşme,重叠,
No Water Window :,Žádná závlaha,Kein Bewässerung,Sin riego,Sans arrosage,Senza irrigazione,Brak nawadniania,Sem irrigação,Нет полива,Sulama yok,非灌水时间窗口:,
Not Set ,Není nastaveno ,Nicht eingestellt,No establecido,Non paramétré,Non impostato,Nie ustawiono,Não definido,Не настроено,Ayarlanmadı,未设置,
To,Na,ZU,A,À,A,Do,Para,К,Kime:,至,
Station Delay:,Pauza mezi sekcemi  ,Stationsverzögerung,Retardo de estación,Retard de la station,Ritardo stazione,Opóźnienie sekcji,Espera da estação,Задерж. ст.,İstasyon Gecikmesi,站点延迟,
(HH :MM :SS)   ,(HH :MM :SS)   ,(HH :MM :SS)   ,(HH :MM :SS)   ,(HH :MM :SS)   ,(HH :MM :SS)   ,(HH :MM :SS)   ,(HH :MM :SS)   ,(ЧЧ :ММ :СС),(SS :DD :SS),（时 :分 :秒）,
HH,HH,HH,HH,HH,HH,HH,HH,ЧЧ,SS ,时 ,
MM,MM,MM,MM,MM,MM,MM,MM,MM,DD,分,
SS,SS,SS,SS,SS,SS,SS,SS,СС,SS,秒,
Start Time 1,Startovací čas  1,Startzeit 1,Hora de arranque 1,Heure de début 1,Orario di partenza 1,Czas startu 1,Horário de início 1,Время запуска 1,Başlangıç Zamanı 1,启动时间 1,
Start Time 2,Startovací čas  2,Startzeit 2,Hora de arranque 2,Heure de début 2,Orario di partenza 2,Czas startu 2,Horário de início 2,Время запуска 2,Başlangıç Zamanı 2,启动时间 2,
Start Time 3,Startovací čas  3,Startzeit 3,Hora de arranque 3,Heure de début 3,Orario di partenza 3,Czas startu 3,Horário de início 3,Время запуска 3,Başlangıç Zamanı 3,启动时间 3,
Start Time 4,Startovací čas  4,Startzeit 4,Hora de arranque 4,Heure de début 4,Orario di partenza 4,Czas startu 4,Horário de início 4,Время запуска 4,Başlangıç Zamanı 4,启动时间 4,
Start Time 5,Startovací čas  5,Startzeit 5,Hora de arranque 5,Heure de début 5,Orario di partenza 5,Czas startu 5,Horário de início 5,Время запуска 5,Başlangıç Zamanı 5,启动时间 5,
Start Time 6,Startovací čas  6,Startzeit 6,Hora de arranque 6,Heure de début 6,Orario di partenza 6,Czas startu 6,Horário de início 6,Время запуска 6,Başlangıç Zamanı 6,启动时间 6,
Start Time 7,Startovací čas  7,Startzeit 7,Hora de arranque 7,Heure de début 7,Orario di partenza 7,Czas startu 7,Horário de início 7,Время запуска 7,Başlangıç Zamanı 7,启动时间 7,
Start Time 8,Startovací čas  8,Startzeit 8,Hora de arranque 8,Heure de début 8,Orario di partenza 8,Czas startu 8,Horário de início 8,Время запуска 8,Başlangıç Zamanı 8,启动时间 8,
Start Time 9,Startovací čas  9,Startzeit 9,Hora de arranque 9,Heure de début 9,Orario di partenza 9,Czas startu 9,Horário de início 9,Время запуска 9,Başlangıç Zamanı 9,启动时间 9,
Start Time 10,Startovací čas  10,Startzeit 10,Hora de arranque 10,Heure de début 10,Orario di partenza 10,Czas startu 10,Horário de início 10,Время запуска 10,Başlangıç Zamanı 10,启动时间 10,
OFF,vyp,aus,OFF,OFF,OFF,WYŁ.,desl.,ВЫКЛ,OFF,关闭,
Order,Poř.,Ord.,Orden,Ordre,Ordine,Kolej.,Ordem,Заказ,Sıra,顺序+D274:K274,
Run Type,Typ spuštění,Ausführung,Tipo de riego,Type course,Tipo esec.,Typ pracy,Tipo de rega,Тип запуска,Çalışma Türü,运行类型,
 ID, ID,ID,DI,ID,ID,ID,ID,ID,ID,ID,
 Run Time,Zavl. Čas,Bew. Zeit,Riego tpo,Temps irr,Tempo irr,Naw. Czas,Tempo irr,Орош. Вр,Sulama sü,运行时间,
 Adj. RT, Adj. RT, Adj. RT, Adj. RT, Adj. RT, Adj. RT, Adj. RT, Adj. RT, Adj. RT, Adj. RT, Adj. RT,
Station,Stanice,Station,Estac.,Station,Staz.,Sekcja,Setor,Станция,İstas.,站点,
Block,Blok,Block,Bloque,Bloc,Blocco,Blok,bloco,Блок,blok,站点组,
Delay,Zpož,Verzö,Retra,Retar,Ritar,Opóźn,Atras,Задер,Gecik,延迟,
Start Time  OFF,Startovací čas VYPNUTO,Startzeit AUS,Hora de arranque DESACTIVADA,Heure de début désactivée,Orario di partenza OFF,Czas startu WYŁ,Horário de início DESLIGADO,Время запуска ВЫКЛ.,Başlangıç Zamanı KAPALI,启动时间关闭,
Block Settings,Nastavení bloku,Block Einstellungen,Configuración del bloque,Paramètres de blocs,Impostazioni blocco,Ustawienia bloku,Configurações do bloco,Настройки блока,Blok Ayarları,站点组设置,
Stations Number,Počet stanic,Stationsnr.,Nº de estaciones,N° de stations,N° stazioni,Liczba stacji,Nº de estações,Кол-во станций,İstasyon no,站点数,
Block Number :,Číslo bloku  :,Block Nummer:,Número de bloque:,Numéro de bloc:,Blocco numero:,Numer bloku:,Número do bloco:,Номер блока:,Blok Numarası:,站点组编号:,
 Get, Získat,Abrufen,Obtener,Obtenir,Ottieni,Odbierz,Obter,Получить,Al,获取,
Cycle:,Cyklus:,Zyklus:,Ciclo:,Cycle:,Ciclo:,Cykl:,Ciclo:,Цикл:,Döngü:,循环:,
Min,Min,Min.,Min,Min,Min,Min,Mín,мин,Min.,分,
Soak:,Vsakování:,Sickern:,Infiltración:,Réessuyage:,Assorbimento:,Wsiąkanie:,Seca:,Выдержка:,Islatma:,入渗:,
Generate report,Vytvořit zprávu,Bericht erstellen,Generar informe,Générer le rapport,Generare il report,Wygeneruj raport,Gerar relatório,Составить отчет,Rapor oluştur,生成报告,
 Edit, Upravit,Bearbeiten,Editar,Modifier,Modifica,Edytuj,Editar,Редактировать,Düzenle,编辑,
Number  ,Číslo  ,Nummer,Número,Nombre,Numero,Liczba,Número,Количество,Sayı,数量,
Flow Totals,Celkové průtoky,Flowergebnisse,Totales de caudal,Volume des débits,Totali di flusso,Całkowity przepływ,Total de vazão,Общий расход,Debi Toplamı,总流量,
Daily ,Denně ,Täglich,Diariamente,Tous les jours,Ogni giorno,Codziennie,Diário,Каждый день,Günlük,每日,
Weekly ,týdně ,wöchentlich,semanal,hebdomadaire,settimanale,co tydzień,semanal,Еженедельно,haftalık,每周,
Monthly,měsíčně,monatlich,mensual,mensuel,mensile,co miesiąc,mensal,Ежемесячно,aylık,每月,
 Yearly, ročně,jährlich,anual,annuel,annuale,co rok,anual,Ежегодно,yıllık,每年,
Controller,Ovládací jednotka,Steuergerät,Programador,Programmateur,Programmatore,Sterownik,Controlador,Контроллер,Kontrol Ünitesi,控制器,
 Flow sensor , Senzor průtoku ,Flowsensor,Sensor de caudal,Sonde de débit,Sensore di flusso,Czujnik przepływu,Sensor de vazão,Датчик расхода,Debi sensörü,流量传感器,
Open report,Otevřít zprávu,Bericht öffnen,Abrir informe,Ouvrir le rapport,Aprire il report,Otwórz raport,Relatório aberto,Открыть отчет,Raporu aç,打开报告,
Flow Totals,Celkové průtoky,Flowergebnisse,Totales de caudal,Volume des débits,Totali di flusso,Całkowity przepływ,Total de vazão,Общий расход,Debi Toplamı,总流量,
Gallons,galon,Gallone,galones,gallon,galloni,galon,galão,в галлонах,galon,加仑,
Time Stamp,Časový údaj,Zeitstempel,Marca de hora,Horodatage,Timestamp,Znacznik czasu,Carimbo de data e hora,Временная метка,Zaman Damgası,时间戳,
Over ,Přes ,Über,Más de,Plus de,Oltre,Powyżej,Acima de,Превышение,Üzerinde,超过,
Normal,Normální,Normal,Normal,Normal,Normale,Normalny,Normal,Нормальный,Normal,正常,
Jan  ,Led  ,Jan,Ene,Jan,Gen,Sty,Jan,Янв,Oca,一月,
Feb ,Úno ,Feb,Feb,Fév,Feb,Lut,Fev,Фев,Şub,二月,
Mar  ,Bře  ,März,Mar,Mar,Mar,Mar,Mar,Мар,Mar,三月,
Apr ,Dub ,Apr,Abr,Avr,Apr,Kwi,Abr,Апр,Nis,四月,
May  ,Kvě  ,Mai,May,Mai,Maggio,Maj,Mai,Май,May,五月,
June,Čen ,Juni,Jun,Jun,Giugno,Cze,Jun,Июн,Haz,六月,
July,Čec  ,Juli,Jul,Jul,Lug,Lip,Jul,Июл,Tem,七月,
Aug ,Srp ,Aug,Ago,Aoû,Ago,Sie,Ago,Авг,Ağu,八月,
Sep  ,Zář  ,Sep,Sep,Sep,Set,Wrz,Set,Сен,Eyl,九月,
Oct ,Říj ,Okt,Oct,Oct,Ott,Paź,Out,Окт,Eki,十月,
Nov  ,Lis  ,Nov,Nov,Nov,Nov,Lis,Nov,Ноя,Kas,十一月,
Dec  ,Pro  ,Dez,Dic,Déc,Dic,Gru,Dez,Дек,Ara,十二月,
Flow Settings,Nastavení průtoku,Flow Einstellungen,Configuración del caudal,Paramètres de débit,Impostazioni portata,Ustawienia przepływu,Configurações de vazão,Настройки расхода,Debi Ayarları,流量设置,
Flow Operation,Průtok op.,Flussbetr.,Op. flujo,Opér. débit,Op. flusso,Oper. przep.,Op. fluxo,Опер. поток,Akış işl,流量操作,
Flow Zones  ,Průtokové sekce  ,Flowzonen,Zonas de caudal,Zones de débit,Zone di flusso,Strefy przepływu,Setores de vazão,Зоны расхода,Debi Bölgeleri,流量分区,
Learn Flow,Uč. průtok,Lern Fluss,Apr. flujo,Appr. débit,Appr. flusso,Ucz. przepływ,Aprend. fluxo,Изуч. поток,Akış öğren.,学习流量,
Flow Manager ,Správce průtoku ,Flowmanager,Gestor de caudal,Gestionnaire de débit,Manager flusso,Zarządzanie przepływem,Gerente de vazão,Менеджер расхода,Debi Yöneticisi,流量管理器,
Flow Monitor ,Monitor průtoku ,Flowmonitor,Supervisión de caudal,Surveillance du débit,Monitoraggio flusso,Monitorowanie przepływu,Monitoramento de vazão,Контроль расхода,Debi İzleme,流量监测器,
Disabled,Zakázáno,Deakt.,Deshab.,désactivé,Disatt.,Wył.,Desat.,Откл.,Devre d.,已禁用,
Enabled,Povoleno,Aktiviert,Habilitar,Activé,Abilitato,Aktywny,Ativado,Включено,Etkin,已开启,
Mainsafe ,Mainsafe ,MainSafe,MainSafe,MainSafe,MainSafe,Zabezpieczenie główne,MainSafe,MainSafe,MainSafe,MainSafe,
Apply,Použití ,Anwd.,Apl.,Appl.,Appl.,Zast.,Apl.,Прим.,Uygula,应用,
Select,Vybrat,Auswahl,Seleccionar,Sélectionner,Seleziona,Wybierz,Selecionar,Выбрать,Seç,选择,
Select Flow Zone,Vybrat Zónu Proudu,Strömungszone Auswählen,Seleccionar Zona de Flujo,Sélectionner Zone de Flux,Selezionare Zona di Flusso,Wybierz Strefę Przepływu,Selecionar Zona de Fluxo,Выбрать Зону Потока,Akış Bölgesi Seç,选择流量区域,
 Flow Zone, Průtoková sekce,Flowzone,Zona de caudal,Zone de débit,Zona di flusso,Strefa przepływu,Setor de vazão,Зона расхода,Debi Bölgesi,流量分区,
Current Flow,Aktuální průtok  ,Aktueller Durchfluss,Caudal actual,Débit actuel,Flusso corrente,Bieżący przepływ,Vazão atual,Текущее значение расхода,Anlık Debi,当前流量,
(GPM),(GPM),(GPM),(GPM),(GPM),(GPM),(galon/min),(GPM),гал/мин,(G/dak),(GPM),
FS ,FS ,FS,FS,FS,FS,FS,FS,Защитный фильтр Sentry,AD,FS,
Zone Status,Stav sekce,Zonenstatus,Estado de las zonas,État de la zone,Stato zona,Status strefy,Status do setor,Статус зоны,Bölge Durumu,区域状态,
Avg Flow ,Průměrný průtok ,Durchschn. Durchfluss,Caudal medio,Débit moyen,Portata media,Średni przepływ,Vazão média,Сред. расход,Ort. Debi,平均流量,
Not yet Valid,Zatím neplatné,Noch nicht gültig,Aún no es válido,Pas encore valide,Non ancora valido,Nadal nieprawidłowy,Ainda não é válido,Еще не проверено,Henüz Geçerli Değil,尚未生效,
Alarm Active,Aktivní alarm,Alarm aktiv,Alarma activa,Alarme active,Allarme attivo,Alarm aktywny,Alarme ativo,Авария актив,Alarm açık,报警激活,
Active,blokuje zavlažování,aktiv,activo,Active,Attivo,Aktywny,Ativo,активен,etkin,激活+A340:K340,
Station Active,Stanice,Station,Estac.,Station,Staz.,Sekcja,Setor,Станция,İstas.,站点,
Station Running,Stanice je spuštěná,Station in Betrieb,Estación en funcionamiento,Station active,Stazione in funzione,Uruchomiona sekcja,Estação em operação,"Зона, осуществляющая полив",İstasyon Çalışıyor,站点运行,
No MaxUnsch,Žádný MaxUnsch,Kein MaxUngepl,Sin MaxUnsch,Pas de maximum imprévu,No MaxUnsch,Brak MaxUnsch,Sem MaxUnsch,Нет незапл. макс.,MaksAyarlama yok,否 MaxUnsch,
 Flow Limits, Limity průtoku,Flow Limits,Límites de caudal,Limites des débits,Portata limiti,Limity przepływu,Limites de vazão,Предельные значения расхода,Debi Sınırları,流量限制,
Max. Flow Exceeded,Překr. Průtok,Max. Fluss übersch.,Flujo máx. Exedido,Débit max. dépassé,Flusso max super.,Przekr. Przepływ,Fluxo máx. exced.,Превышен поток,Maks. akış aştı,超过最大流量,
Unschedule Flow Exceeded,Překroč. tok,Fluss übersch.,Flujo excedido,Débit dépassé,Flusso ecceduto,Przekr. przepływ,Fluxo excedido,Превышен поток,Akış aşıldı,超出非计划流量,
Flow zone Alarm,Alarm průtoku,Flussalarm,Alarma flujo,Alarme débit,Allarme flusso,Alarm przepł.,Alarme fluxo,Авария потока,Akış alarmı,流量报警,
Alarm,Alarm,Alarm,Alarma,Alarme,Errore,Alarm,Alarme,Аварийный сигнал,Alarm,警报,
Flow Parameters,Parametry průtoku,Durchflussparameter,Parámetros de caudal,Paramètres de débit,Parametri di portata,Parametry przepływu,Parâmetros de vazão,Параметры расхода,Debi Parametreleri,流量参数,
Flow Target  ,Cíl průtoku  ,Flow Ziel,Objetivo de caudal,Objectif de débit,Flusso di destinazione,Przepływ docelowy,Alvo de Vazão,Целевой расход,Hedeflenen Debi,流量目标,
GPM,GPM,GPM,GPM,GPM,GPM,galon/min,GPM,Гал/мин,GPM,GPM,
Max Flow Limit ,Maximální limit průtoku ,Max. Durchflusslimit,Límite de caudal máximo,Limite de débit maximale,Limite massimo di portata,Maksymalny Limit Przepływu,Limite máximo de vazão,Макс. расход,Maks Debi Sınırı,最大流量限制,
Over Flow Limit  ,Překročen limit průtoku  ,Über Durchflusslimit,Límite de sobrecaudal,Dépassement,Oltre il limite di portata,Powyżej limitu przepływu,Limite de excesso de vazão,Верхний предел расхода,Aşırı Debi Sınırı,超过流量限制,
Under Flow Limit  ,Pod limit průtoku  ,Unter Durchflusslimit,Límite de caudal mínimo,Sous la limite de débit,Sotto il limite di portata,Poniżej limitu przepływu,Limite de vazão inferior,Нижний предел расхода,Düşük Debi Sınırı,低于流量限制,
Unscheduled Flow Limit  ,Neplánovaný limit průtoku  ,Limit Ungeplanter Durchfluss,Límite Flujo No Prog.,Limite de débit imprévu,Limite Flusso Non Prog.,Niezapl. Limit Przepływu,Limite Fluxo Não Prog.,Незап. Лимит Потока,Plan. Akış Limiti,非计划流量限制,
Monthly Budget  ,Měsíční rozpočet  ,Monatliches Budget,Presupuesto mensual,Budget mensuel,Budget mensile,Miesięczny budżet,Orçamento mensal,Месячный бюджет,Aylık Bütçe,每月预算,
Manual Allowance,Manuální příspěvek,Manuelle Erlaub.,Asignación manual,Budget manuel,Tolleranza manuale,Przydział Ręczny,Limite manual,Ручное Назначение,Manuel İzin,手动限额,
Alarm Set Delay,Zpoždění nastavení alarmu,Alarm Verzögerung,Alarma retr.,Délai d'alarme réglé,Allarm. rit.,Opóźnienie alarmu,Alarme atr.,Трев. задерж.,Alarm Gecikmesini Ayarla,警报设置延迟,
Alarm Clear Delay ,Zpoždění vymazání alarmu ,Verzögerung Alarm löschen,Borrar retraso alarma,Délai d'alarme effacé,Cancella allarme ritardo,Opóźnienie kasowania alarmu,Atraso do alarme encerrado,Задержка Сброса Тревоги,Alarm Gecikmesini Sil,警报清除延迟,
Flow Sensor Map   ,Mapa senzorů  ,Sensor-Karte,Mapa sensor,Carte capteur,Mappa sensore,Mapa czujnika,Mapa sensor,Карта датчика,Sensör harita,传感器地图,
Map,Mapa,Karte,Mapa,Carte,Mappa,Mapa,Mapa,Карта,Harita,地图,
PMV,PMV       ,PMV,B/VM,PMV,PMV,PMV,PMV,P MV,PMV,PMV,
Flow Operation,Průtok op.,Flussbetr.,Op. flujo,Opér. débit,Op. flusso,Oper. przep.,Op. fluxo,Опер. поток,Akış işl,流量操作,
Manual,Manuál,Manuell,Manual,Manuel,Manuale,Ręczny,Manual,Ручной,Manuel,手动,
Flow Monitoring,Sledování průtoku ,Durchflussüberwachung,Seguimiento de caudal,Surveillance du débit,Monitoraggio del Flusso,Monitorowanie Przepływu,Monitoramento de vazão,Контроль расхода,Debi İzleme,流量监测,
Flow Manager,Správce průtoku ,Flowmanager,Gestor de caudal,Gestionnaire de débit,Manager flusso,Zarządzanie przepływem,Gerente de vazão,Менеджер расхода,Debi Yöneticisi,流量管理器,
Learn Flow,Uč. průt.,Lern Fl.,Apr. flujo,Appr. débit,Appr. flusso,Ucz. przep.,Aprend. fluxo,Изуч. поток,Akış öğren.,学习流量,
StartTime,Startovací čas,Startzeit,HoraIni,HeureDéb,OraIniz,Czas startu,HoraIní,ВремяНач,BaşlSaa,启动时间,
Day ,den ,Tag,día,Jour,Giorno,Dzień,dia,День,gün,天天数,
Month ,Měsíc ,Monat,Mes,Mois,Mese,Miesiąc,mês,месяц,ay,月份,
Year,rok,Jahr,Año,Année,anno,rok,Ano,Год,yıl,年,
Hour,hod ,Std.,h,H,ora,godz.,h,ч,sa,时,
Min   , Min   ,Min.,Min,Min,Min,Min,Mín,мин,Min.,分,
Hr,hod,Std.,h,H,ora,godz.,h,ч,sa,时,
Apply,Použití ,Anwd.,Apl.,Appl.,Appl.,Zast.,Apl.,Прим.,Uygula,应用,
Learn Status,Uč. stav,Lern Stat.,Apr. estado,Appr. statut,Appr. stato,Ucz. stan,Aprend. estado,Изуч. сост.,Durum öğren.,学习状态,
Start Time,Startovací čas,Startzeit,HoraIni,HeureDéb,OraIniz,Czas startu,HoraIní,ВремяНач,BaşlSaa,启动时间,
Last Run,Poslední,Letzte,Último,Dernier,Ultimo,Ostatni,Último,Последний,Son,上一次运行,
Active,blokuje zavlažování,aktiv,activo,Active,Attivo,Aktywny,Ativo,активен,etkin,激活,
Current Station,Aktuální stanice,Aktuelle Station,Estación actual,Station actuelle,Stazione attuale,Aktualna sekcja,Setor atual,Текущая станция,Mevcut İstasyon,当前站点,
Last Flow Read,Čtení posledního průtoku,Letzter gemessener Durchfluss,Última lectura de caudal,Dernière lecture de débit,Lettura ultima portata,Ostatni odczyt przepływu,Última leitura de vazão,Последнее показание расхода,Son Debi Okuması,上次流量读取,
Stations Processed,Zpracované stanice,Stationen erfasst,Estaciones procesadas,Stations traitées,Stazioni elaborate,Stacje przetworzone,Setores processados,Обработанные станции,İşlenen İstasyonlar,已处理的站点,
Stations To Learn,Stanice k naučení,Stationen zu Erlernen,Estaciones por registrar,Stations à apprendre,Stazioni da apprendere,Sekcje do zapamiętania,Setores para aprender,Еще не обученные станции,Öğrenilecek İstasyonlar,要学习的站点,
Stations Learned,Naučené stanice,Stationen erlernt,Estaciones aprendidas,Stations apprises,Stazioni apprese,Zapamiętane sekcje,Setores aprendidos,Обученные станции,Öğrenilen İstasyonlar,已学习的站点,
Stations Failed,Neúspěšné stanice,Stationen nicht erfasst,Estaciones fallidas,Stations en panne,Stazioni non riuscite,Błędne sekcje,Setores não realizados,Станции с ошибками,İstasyonlar Başarısız,站点失败,
Get Status,Získat stav,Status abrufen,Obtener estado,État,Ottieni stato,Sprawdź status,Ver status,Узнать состояние,Durumu Al,获取状态,
Station Settings,Nastavení stanice,Station Einstellungen,Configuración de la estación,Réglages de station,Impostazioni della stazione,Ustawienia sekcji,Configurações do setor,Настройки станций,İstasyon Ayarları,站点设置,
Station Selection,Volba stanice,Station Auswahl,Selección de estación,Sélection de station,Selezione della stazione,Wybór sekcji,Seleção de setor,Выбор станций,İstasyon Seçimi,站点选择,
Select Station No:,Vyberte číslo stanice:,Auswahl Station Nr.:,Seleccionar estación No:,Sélectionner la station n°:,Selezionare numero stazione:,Wybierz sekcję nr:,Selecione Estação Nº:,Выбрать станцию №:,İstasyon Numarası Seç:,选择站点编号:,
Apply,Použití ,Anwd.,Apl.,Appl.,Appl.,Zast.,Apl.,Прим.,Uygula,应用,
Cycle and Soak,Cyklování a vsakování,Zyklus- und Sickerphasen,Ciclo e infiltración,Arrosage et réessuyage,Ciclo e assorbimento,Praca cykliczna i wsiąkanie,Ciclo e seca,Функция Cycle and Soak (цикл и впитывание),Döngü ve Islatma,循环和浸泡,
Cycle Time,Délka cyklu,Zykluszeit,Tiempo ciclo,Durée du cycle,Durata ciclo,Czas pracy cyklicznej,Tempo de ciclo,Время цикла полива,Döngü Süresi,循环时间,
 Min, Min,Min.,Min,Min,Min,Min,Mín,мин,Min.,分,
Soak Time,Vsakovací pauza,Sickerzeit,Tiempo de infiltración,Durée de réessuyage,Tempo di assorbimento,Czas wsiąkania,Tempo de seca,Время выдержки,Islatma Süresi,入渗时间,
 Min, Min,Min.,Min,Min,Min,Min,Mín,мин,Min.,分,
Hydraulic Connection,Hydraulické připojení,Hydraulischer Anschluss,Conexión hidráulica,Raccordement hydraulique,Connessione idraulica,Połączenie hydrauliczne,Conexão hidráulica,Гидравлическое соединение,Hidrolik Bağlantı,水利连接,
Master Valve:,Hlavní ventil,Hauptventil,Válvula maestra,Vanne princ.,Master Valve,Zawór główny,Válvula mestre,Главный клапан,Ana Vana,主阀,
Link Flow Zone,Spoj. zóna,Verb. Fl. Z.,Vinc. Z. Fl.,Lien Z. Déb.,Col. Z. Fl.,Łącze Stref.,Lig. Z. Fluxo,Связ. ЗФ,Bağ. Akış B.,关联流量分区,
Flow Setting,Nastavení průtoku,Durchfluss Einstellung,Configuración del caudal,Paramètres de débit,Impostazione portata,Ustawienia przepływu,Configuração de vazão,Настройки расхода,Debi Ayarı,流量设置,
Flow Priority,Priorita průtoku,Flowpriorität,Prioridad de caudal,Priorité de débit,Priorità flusso,Priorytet przepływu,Prioridade de vazão,Приоритет расхода,Debi Öncelikli,流量优先级,
Disabled,Zakázáno,Deakt.,Deshab.,désactivé,Disatt.,Wył.,Desat.,Откл.,Devre d.,已禁用,
Flow Rate,Průtok,Flowrate,Tasa de caudal,Débit,Portata,Natężenie przepływu,Taxa de vazão,Расход,Debi Hızı,流量,
GPM, GPM,GPM,GPM,GPM,GPM,galon/min,GPM,Гал/мин,GPM,GPM,
Flow Delay,Zpoždění průtoku,Durchfluss Verzögerung,Retraso de caudal,Délai de débit,Ritardo di portata,Opóźnienie przepływu,Atraso de vazão,Задержка расхода,Clik Gecikmesi,流量延迟,
Sec, sek,Sek,s,sec,Sec,Sek,s,с,sn,秒,
Set Not Learn,"Nastav, ne uč","Setzen, nicht lernen","Fijar, no aprender","Définir, pas apprendre",Imp. non appr.,"Ustaw, nie ucz",Def. não apr.,"Задать, не учить","Ayarla, öğrenme",设定，不学习,
Not learned,Nenaučeno,Nicht gelernt,No aprendido,Non appris,Non appreso,Nie nauczono,Não aprendido,Не выучено,Öğrenilmedi,未学习,
Edit,Upravit,Bearbeiten,Editar,Modifier,Modifica,Edytuj,Editar,Редактировать,Düzenle,编辑,
Solar sync,Solar Sync,Solar Sync,Solar Sync,Solar Sync,Solar Sync,SolarSync,Solar Sync,Solar Sync,Solar Sync,Solar Sync,
Solar Sync Settings,Nast. Sol. Sync.,SolarSync Einst.,Config. Sol. Sync.,Param. Sol. Sync.,Imp. Sol. Sync.,Ust. Sol. Sync.,Def. Sol. Sync.,Наст. Sol. Sync.,Güneş Senk. Ayar.,Solar Sync 设置,
Solar Sync Reading,Sol. sync. úd.,SolarSync Mess.,Lect. Sol. Sync.,Lect. Sol. Sync.,Lett. Sol. Sync.,Odczyt Sol. Sync.,Leit. Sol. Sync.,Чтение Sol. Sync.,Güneş Senk. Okuma,Solar Sync 读取,
Solar Sync Configuration,Konfigurace solární synchronizace,Solar Sync Konfiguration,Configuración de Solar Sync,Configuration de Solar Sync,Configurazione Solar Sync,Konfiguracja Solar Sync,Configuração do Solar Sync,Конфигурация Solar Sync,Solar Sync Yapılandırması,Solar Sync 配置,
Enable Sensor,Povolit senzor,Sensor aktivieren,Activar sensor,Activer le capteur,Attiva sensore,Włączenie czujnika,Ativar sensor,Задействовать датчик,Sensörü etkinleştir,启用传感器,
Disabled,Zakázáno,Deakt.,Deshab.,désactivé,Disatt.,Wył.,Desat.,Откл.,Devre d.,已禁用,
Solar Sync Settings,Nast. Sol. Sync.,SolarSync Einst.,Config. Sol. Sync.,Param. Sol. Sync.,Imp. Sol. Sync.,Ust. Sol. Sync.,Def. Sol. Sync.,Наст. Sol. Sync.,Güneş Senk. Ayar.,Solar Sync 设置,
Region,Oblast,Region,Región,Région,Regione,Strefa klimatyczna,Região,Регион,Bölge,区域,
Water Adjustment Factor,Nast. vody,Wasserfaktor,Ajuste agua,Facteur eau,Fattore acqua,Wsp. wody,Fator água,Коэфф. воды,Su ayarı,灌溉调整系数,
Delay Days,Dny zpoždění,Verzögerungstage,Días de retraso,Jours de délai,Giorni di ritardo,Liczba dni opóźnienia,Dias de atraso,Дни задержки,Gecikme Günleri,延迟天数,
Solar Sync schedule adjustment will be delayed be 0-250,Úprava Sol. Sync zpožděna o 0–250,Solar Sync-Anp. verzögert um 0–250,Ajuste Sol. Sync retrasado 0–250,Ajust. Solar Sync retardé de 0–250,Reg. Solar Sync ritardata di 0–250,Reg. Sol. Sync opóźnione o 0–250,Aj. Solar Sync atrasado em 0–250,Корр. Solar Sync задержана на 0–250,Solar Sync ayarı 0–250 gecikmeli,太阳同步调节延迟 0–250,
is delayed by,bude zpožděn o ,wird verzögert um,se retrasará por,sera retardé de,sarà ritardata da,opóźnienie o,será adiado em,будет задерживаться на,kadar geciktirilecek,将推迟至,
Adjustment During Delay,Nastavení během zpoždění,Anp. Verz.,Ajuste retr.,Adj. retard,Reg. rit.,Dostos. op.,Ajuste atr.,Корр. задерж.,Ayar gecik.,延迟期间的调整,
Water adjustment percent during delay will be 0-300,Úprava vody (%) při zpoždění: 0–300,Wasseranp. (%) Verzögerung: 0–300,Aj. agua (%) retraso: 0–300,Aj. eau (%) retard: 0–300,Reg. acqua (%) ritardo: 0–300,Reg. wody (%) opóźn.: 0–300,Aj. água (%) atraso: 0–300,Процент корректировки полива,Sulama ayar yüzdesi,灌溉调整百分比,
Edit,Upravit,Bearbeiten,Editar,Modifier,Modifica,Edytuj,Editar,Редактировать,Düzenle,编辑,
Solar Sync Settings   ,Nastavení Solar Sync   ,Solar Sync Einstellung,Configuración Solar-Sync,Paramètres de Solar Sync,Impostazioni Solar Sync,Ustawienia Solar Sync,Configurações do Solar Sync,Настройки Solar Sync,Solar Sync Ayarları,Solar Sync 设置,
 Solar Sync Reading,Sol. sync. úd.,SolarSync Mess.,Lect. Sol. Sync.,Lect. Sol. Sync.,Lett. Sol. Sync.,Odczyt Sol. Sync.,Leit. Sol. Sync.,Чтение Sol. Sync.,Güneş Senk. Okuma,Solar Sync 读取,
Trend,  Trend,Trend,Tendencia,Tendance,Tendenza,Tendencja,Tendência,Тенденция,Trend,趋势,
Communication Type   ,Typ komunikace   ,Verbindungstyp,Tipo de comunicación,Type de communication,Tipo di comunicazione,Typ komunikacji,Tipo de comunicação,Тип связи,İletişim Türü,通信类型,
Wired,Drát.,Verk.,Cabl.,Câblé,Cabl.,Przew.,Fio.,Провод.,Kablolu,有线,
Wireless, Bezdrátové,Drahtlos,Inalámbrico,Sans fil,Wireless,Bezprzewodowe,Sem fio,Беспроводная,Kablosuz,无线,
ET Today Status,Dnešní stav ET,Status ET Heute,ET actual,Statut ET aujourd'hui,Stato ET odierno,Dzisiejszy status ET,Status de hoje da ET,Испарение сегодня,ET Bugün Durumu,ET 今日状态,
Previous Day ET,Předchozí den ET,ET vorheriger Tag,ET del día anterior,ET du jour précédent,ET giorno precedente,ET – poprzedni dzień,ET do dia anterior,Испарение за пред. день,Önceki Gün ET,前一天 ET,
ET Last  Days,Poslední dny ET,ET letzte Tage,ET de los últimos días,ET des derniers jours,ET ultimi giorni,ET – ostatnie dni,ET dos últimos dias,Испарение за последние  дн.,Son Günlerde ET,过去日子 ET,
ET Today-2,Poslední dny ET,ET letzte Tage,ET de los últimos días,ET des derniers jours,ET ultimi giorni,ET – ostatnie dni,ET dos últimos dias,Испарение за последние сут.,Son Günlerde ET,过去日子 ET,
ET Today-3,,,,,,,,,,,
ET Average  ,Průměr ET  ,ET Durchschnitt,ET medio,ET moyenne,ET media,ET – średnia,ET média,Среднее испарение,ET Ortalaması,ET 平均值,
inch,palec,Zoll,pulgadas,pouce,pollici,cal,polegada,дюйм,inç,英寸,
mm,MM,MM,MM,MM,MM,mm,MM,мм,MM,MM,
Valid ET Days,Platné dny ET,Gültige ET Tage,Días de ET válidos,Jours ET valides,Giorni ET validi,Ważne dni ET,Dias de ET válidos,Засчитано дней,Geçerli ET Günleri,有效 ET 天数,
         Days,         Dny,Tage,días,jours,giorni,Dni,dias,дней,gün,天数,
S.S Seasonal Adjust  ,Sezónní nastavení SS  ,"S.S Anp.	",Ajuste estacional SS,Réglage saisonnier,Regolazione stagionale SS,Korekta sezonowa SS,Regulação sazonal do SS,S.S Корр.,SS Mevsimsel Ayar,SS 季节性调整,
Last Temp. Reading    ,Posl. tepl.,Letzte Temp.,Últ. temp.,Dern. temp.,Ult. temp.,Ostat. temp.,Últ. temp.,Посл. темп.,Son sıcak.,上次温度读数,
C,C,C,C,C,C,C,C,C,C,C,
F,F,F,F,F,F,F,F,F,F,F,
Last Solar Rad. Reading   ,Posl. sol.,Letzte SolRad,Últ. sol. rad.,Dern. sol. rad.,Ult. sol. rad.,Ostat. sol. rad.,Últ. sol. rad.,Посл. солн. рад.,Son güneş rad.,上次太阳辐射读数,
Wm²,W/m²,Wm²,Wm²,Wm²,Wm²,Wm²,Wm²,Вт/м²,Wm²,Wm²,
Last 1 Hr Temp. Reading,Poslední 1h Teplota,Letzte 1h Temp.,Última 1h Temp.,Dernière 1h Te0000000000mp.,Ultima 1h Temp.,Ostatnia 1h Temp.,Última 1h Temp.,Последние 1ч Темп.,Son 1 Saat Sıcaklık,前一小时温度读数,
Last 1 Hr Solar Rad. Reading,1h sol.,1h SolRad,1h sol. rad.,1h sol. rad.,1h sol. rad.,1h sol. rad.,1h sol. rad.,1ч солн. рад.,1s güneş rad.,前一小时太阳辐射读数,
Last Communication Time   ,Posl. kom.,Letzte Komm.,Últ. com.,Dern. com.,Ult. com.,Ostat. kom.,Últ. com.,Посл. ком.,Son iletişim,上一次通信时间,
Item Names,Název položky,Objektname,Nombre del elemento,Nom de l’élément,Nome dell'articolo,Nazwa przedmiotu,Nome do item,Название объекта,Öğe Adı,物品名称,
Items Names,Názvy položek,Objektnamen,Nombres de los elementos,Noms des éléments,Nomi degli articoli,Nazwy przedmiotów,Nomes dos itens,Названия объектов,Öğe Adları,物品名称,
Station,Stanice,Station,Estac.,Station,Staz.,Sekcja,Setor,Станция,İstas.,站点,
Program,Program,Progr.,Progra.,Prog.,Progr.,Program,Progr.,Прогр.,Program,程序,
Sensor,Senzor,Sensor,Sensores,Sonde,Sensore,Czujnika,Sensor,Датчик,Sensör,传感器,
Main Safe,Hlavní trezor,MainSafe,MainSafe,MainSafe,MainSafe,Zabezpieczenie główne,MainSafe,MainSafe,MainSafe,MainSafe,
Flow Zone ,Průtoková sekce ,Flowzone,Zona de caudal,Zone de débit,Zona di flusso,Strefa przepływu,Setor de vazão,Зона расхода,Debi Bölgesi,流量分区,
Number,Číslo,Nummer,Número,Nombre,Numero,Liczba,Número,Количество,Sayı,数量,
          Name,          Jméno,Name,Nombre,Nom,Nome,Nazwa,Nome,Название,Ad,名称,
Controller Log,Protokol ovládací jednotky,Protokoll der Steuergeräte,Registro del programador,Journal du programmateur,Registri del programmatore,Rejestr sterownika,Registro do controlador,Журнал контроллера,Kontrol Ünitesi Günlüğü,控制器日志,
Controller Log,Protokol ovládací jednotky,Protokoll der Steuergeräte,Registro del programador,Journal du programmateur,Registri del programmatore,Rejestr sterownika,Registro do controlador,Журнал контроллера,Kontrol Ünitesi Günlüğü,控制器日志,
Station Log ,Protokol stanice ,Stationsprotokoll,Registro de estación,Journal de la station,Registri delle stazioni,Rejestr sekcji,Registro da estação,Журнал станции,İstasyon Günlüğü,站点日志,
Alarm Log,Protokol alarmů,Alarm-Protokoll,Registro de alarmas,Journal d'alarme,Registro degli allarmi,Rejestr alarmów,Registro do alarme,Журнал аварийных сигналов,Alarm Günlüğü,警报日志,
Security,Zabezpečení,Sicherheit,Segrdad,Sécurité,Sicurezza,Bezpieczeństwo,Segur.,Безопас.,Güvenlik,安全,
User Management,Správa uživatelů,Benutzermanagement,Gestión de usuarios,Gestion utilisateur,Gestione utenti,Zarządzanie użytkownikami,Gerenciamento de usuários,Управление пользователями,Kullanıcı Yönetimi,用户管理,
Account Number,Číslo účtu,Accountnummer,Número de cuenta,Numéro de compte,Numero di account,Numer konta,Número da conta,Номер учетной записи,Hesap Numarası,账号,
             User Name   ,             Jméno uživatele   ,Benutzername,Nombre del usuario,Nom de l'utilisateur,Nome utente,Nazwa użytkownika,Nome do usuário,Имя пользователя,Kullanıcı Adı,用户名,
          User Type  ,          Typ uživatele  ,Benutzertyp,Tipo de usuario,Type d'utilisateur,Tipo di utente,Typ użytkownika,Tipo de usuário,Тип пользователя,Kullanıcı Tipi,用户类型,
 User Pin, Uživatelský pin,Benutzer-PIN,NIP de usuario,Code PIN utilisateur,Pin utente,PIN użytkownika,Pin do usuário,Пин-код пользователя,Kullanıcı Pini,用户 PIN 码,
                      Admin       ,                      Správce       ,Admin,Administrador,Administrateur,Amministratore,Admin,Administrador,Админ.,Yönetici,管理,
           Crew   ,           Posádka   ,Team,Equipo,Équipe,Team,Zespół,Equipe,Сотрудник,Ekip,成员,
User Management Disabled,Správa uživatelů zakázána,Benutzermanagement deaktiviert,Gestión de usuarios desactivada,Gestion des utilisateurs désactivée,Gestione utenti disabilitata,Wyłączone zarządzanie użytkownikami,Gerenciamento de usuários desativado,Управление пользователями отключено,Kullanıcı Yönetimi Devre Dışı,用户管理已禁用,
Security Features,Bezpečnostní funkce,Sicherheitsmerkmale,Funciones de seguridad,Caractéristiques de sécurité,Caratteristiche di sicurezza,Funkcje związane z bezpieczeństwem,Recursos de segurança,Функции безопасности,Güvenlik Özellikleri,安全功能,
Disable User Management Bypass       ,Zakázat obcházení správy uživatelů       ,Deaktivieren Umgehung Benutzermanagement,Desactivar omisión de gestión de usuarios,Désactiver le contournement de la gestion des utilisateurs,Disattivare bypass gestione utenti,Wyłącz obejście zarządzania użytkownikami,Desativar opção para Ignorar gerenciamento de usuários,Отключить обход управления пользователями,Kullanıcı Yönetimi Baypasını Devre Dışı Bırak,禁用用户管理旁路,
Inactive,Neaktivní,Inaktiv,Inactivo,Inactif,Inattivo,Nieakt.,Inativo,Неактивен,Aktif değil,未激活,
Active,blokuje zavlažování,aktiv,activo,Active,Attivo,Aktywny,Ativo,активен,etkin,激活,
Disable Factory reset,Zakázat tovární nastavení,Deaktivieren Werksreset,Desactivar restaurar valores de fábrica,Désactiver la réinitialisation d'usine,Disabilitare il ripristino di fabbrica,Wyłącz przywracanie ustawień fabrycznych,Desativar rest de fábrica,Отключить сброс до заводских настроек,Fabrika ayarlarına sıfırlamayı devre dışı bırak,禁用出厂重置,
Set,Nastavit,Einstellen,Configurar,Régler,Imposta,Ustaw,Configurar,Задать,Ayarla,设置,
Dial Position ,Poloha otočného ovladače ,Drehschalter Position,Posición del dial,Position du sélecteur,Posizione del selettore,Pozycja pokrętła,Posição do seletor,Положение рукоятки настройки,Kadran Konumu,旋钮位置,
RUN,Spustit,Betrieb,AUTOMÁTICO,Marche,ACCESO,Praca,Regar,РАБОТА,Çalıştır,运行,
DATE/TIME,Datum/čas,Datum/Uhrzeit,Date/Time (Fecha/Hora),Date/Heure,Data/ora,Data/godzina,Data/hora,Дата/время,Tarih/Saat,日期/时间,
START TIMES,Startovací časy,STARTZEITEN,HORAS DE INICIO,HEURES DE DÉMARRAGE,ORARI DI AVVIO,CZASY STARTU,Horários de início,Время запуска полива,Başlangıç Zamanları,启动次数,
STATION RUNTIMES,ČASY SPUŠTĚNÍ STANICE,Stationslaufzeiten,Tiempos de riego de las estaciones,Durée d'arrosage des stations,Tempi d'irrigazione dell’impianto,Czasy pracy sekcji,Horários de rega dos setores,Продолжительность полива станций,İstasyon Çalışma Zamanları,站点运行时间,
DAYS TO WATER,DNY ZÁVLAHY,BEREGNUNGSTAGE,DÍAS DE RIEGO,JOURS D'ARROSAGE,GIORNI D’IRRIGAZIONE,DNI DO NAWADNIANIA,DIAS DE IRRIGAÇÃO,ДНИ ПОЛИВА,SULAMA GÜNLERİ,距离灌溉的天数,
PUMP OPERATION,PROVOZ ČERPADLA,BEWÄSSERUNGSTAGE,FUNCIONAMIENTO DE LA BOMBA,FONCTIONNEMENT DE LA POMPE,FUNZIONAMENTO DELLA POMPA,DZIAŁANIE POMPY,OPERAÇÃO DA BOMBA,УПРАВЛЕНИЕ НАСОСОМ,POMPA İŞLETİMİ,水泵操作,
SEASONAL ADJUSTMENT,Sezónní nastavení,Saisonale Anpassung,Ajuste estacional,Le réglage saisonnier,Regolazione stagionale,Seasonal Adjustment (Korekta sezonowa),Regulação sazonal,СЕЗОННАЯ КОРРЕКТИРОВКА,Mevsimsel Ayar,季节性调整,
SOLAR SYNC,Solar Sync,Solar Sync,Solar Sync,Solar Sync,Solar Sync,SolarSync,Solar Sync,SOLAR SYNC,Solar Sync,Solar Sync,
MANUAL OPERATION,Manuální ovládání,Manueller Betrieb,Funcionamiento manual,FONCTIONNEMENT MANUEL,Funzionamento manuale,Tryb obsługi ręcznej,Operação manual,РУЧНОЙ РЕЖИМ,Manuel Çalıştırma,手动运行,
SYSTEM OFF,Systém je vypnutý,System aus,APAGAR SISTEMA,Arrêt du système,IMPIANTO SPENTO,Wyłączanie,Sistema desligado,СИСТЕМА ОТКЛ.,Sistm Kapa,系统关闭,
Smart Port Error,Chyba inteligentního portu,Smart Port Error,Error en el puerto inteligente,Erreur Smart Port,Errore Smart Port,Błąd inteligentnego portu,Erro de porta inteligente,Ошибка Smart Port,Akıllı Bağlantı Noktası Hatası,智能端口错误,
Dial in off position,Vytáčení ve vypnuté poloze,Drehschalter in Position Aus,Dial en posición de apagado,Sélecteur en position d'arrêt,Posizione off del selettore,Pokrętło w pozycji wyłączonej,Seletor na posição desligada,Рукоятка в положении «выкл.»,Kadran kapalı konumda,旋钮处于关闭位置,
Station / Pump Overload,Přetížení stanice / čerpadla,Überlast Station / Pumpe,Sobrecarga de estación/bomba,Surcharge de la station/pompe,Sovraccarico della stazione / pompa,Sekcja/pompa przeciążona,Sobrecarga do setor/bomba,Перегрузка станции/насоса,İstasyon / Pompa Aşırı Yüklenmesi,站点/水泵过载,
Sensor alarm (Clik is Active),Alarm senzoru (Clik je aktivní),Sensoralarm (Clik aktiv),Alarma del sensor (Clik está activo),Alarme de sonde (sonde Clik active),Allarme sensore (Clik è attivo),Alarm czujnika (Clik jest aktywny),Alarme do sensor (Clik está ativo),Аварийный сигнал Clik (датчик активен),Sensör alarmı (Clik Aktif),传感器警报（Clik 已激活）,
Programmable off active,Programovatelné vypnutí aktivní,Programmierbare Bewässerungspause aktiv,Apagado programable activo,Arrêt de l'arrosage programmé activé,Programmazione Off attiva,Programowalne wyłączanie aktywne,Desligamento programável ativo,Активировано программ. отключение,Programlanabilir kapalı aktif,编程关闭已激活,
Solar Sync/ET sensor comm fault,Porucha komunikace senzoru Solar Sync/ET,Verbindungsfehler Solar Sync/ET Sensor,Fallo de comunicación del sensor Solar Sync/ET,Défaillance de communication de Solar Sync/sonde ET,Guasto di comunicazione sensore Solar Sync/ET,Błąd komunikacji czujnika Solar Sync/ET,Falha de comunicação do sensor Solar Sync/ET,Ошибка связи с датчиком Solar Sync/ET,Solar Sync/ET sensörü iletişim hatası,Solar Sync/ET 传感器通信故障,
Program Number,Číslo programu,Programm Nummer,Número de programa,Numéro du programme,Numero del programma,Numer programu,Número do programa,Номер программы,Program Numarası,程序编号,
A,A,A,A,A,A,A,A,А,A,A,
B,B,B,B,B,B,B,B,B,B,B,
C,C,C,C,C,C,C,C,C,C,C,
D,d,D,D,D,D,d,D,D,D,D,
Trend,Trend,Trend,Tendencia,Tendance,Tendenza,Tendencja,Tendência,Тенденция,Trend,趋势,
Global,Globální,Global,Global,Global,Globale,Globalny,Global,Глобальные,Küresel,全局,
Select Program,Vybrat program,Programm auswählen,Seleccionar programa,Sélectionner un programme,Seleziona Programma,Wybierz program,Selecione o programa,Выбрать программу,Program Seç,选择程序,
Change,Změnit,Ändern,Cambiar,Modifier,Cambia,Zmień,Alterar,Изменить,Değiştir,更改,
Station Delay ,Pauza mezi sekcemi ,Stationsverzögerung,Retardo de estación,Retard de la station,Ritardo stazione,Opóźnienie sekcji,Espera da estação,Задержка при включении станции,İstasyon Gecikmesi,站点延迟,
Start Time,Startovací čas,Startzeit,Hora de arranque,Heure de début,Orario di partenza,Czas startu,Horário de início,Время запуска,Başlangıç Zamanı,启动时间,
1,,,,,,,,,,,
2,,,,,,,,,,,
3,,,,,,,,,,,
4,,,,,,,,,,,
5,,,,,,,,,,,
6,,,,,,,,,,,
7,,,,,,,,,,,
8,,,,,,,,,,,
Days of Week,Dny v týdnu,Wochentage,Días sem.,Jours sem.,Giorni sett.,Dni tygodnia,Dias da semana,Дни недели,Haftanın Günleri,工作日,
Odd/Even,Lichá/sudá ,Gerade/ungerade,Impar/par,Pair/Impair,Dispari/pari,Parzyste/Nieparzyste,Ímpares/pares,Нечетные/четные,Tek/Çift,奇/偶,
Interval,Interval,Intervall,Intervalo,Intervalle,Intervallo,Interwał,Intervalo,Интервал,Fasılalı,间隔,
Date / Time,Datum/čas,Datum/Uhrzeit,Date/Time (Fecha/Hora),Date/Heure,Data/ora,Data/godzina,Data/hora,Дата/время,Tarih/Saat,日期/时间,
Flow Totals,Celkové průtoky,Flowergebnisse,Totales de caudal,Volume des débits,Totali di flusso,Całkowity przepływ,Total de vazão,Общий расход,Debi Toplamı,总流量,
Gallon,galon,Gallone,galones,gallon,galloni,galon,galão,галлоны,galon,加仑,
M3  (Cubic Meter),M3 (metr krychlový),m³ (Kubikmeter),M3 (metro cúbico),M3 (mètre cube),M3 (metri cubi),M3 (metr sześcienny),M3 (metro cúbico),м3 (кубические метры),M3 (Metreküp),M3（立方米）,
Graphic Bar,Grafický panel,Darstellung Bar,Gráfico de presión,Graphique à barres,Barra grafica,Pasek graficzny,Barra gráfica,График (столбцы),Grafik Çubuğu,图表栏,
Sensor Setting,Nastavení senzoru,Sensoreinstellung,Configuración del sensor,Paramètres de la sonde,Impostazioni sensore,Ustawienie czujnika,Configuração do sensor,Настройка датчика,Sensör Ayarı,传感器设置,
Sensor Model,Model senzoru,Sensormodell,Modelo de sensor,Modèle de capteur,Modello sensore,Model czujnika,Modelo do sensor,Модель датчика,Sensör Modeli,传感器型号,
Save,Uložit,Speichern,Guardar,Enregistrer,Salva,Zapisz,Salvar,Сохранить,Kaydet,保存,
Cancel,Zrušit,Abbr.,Canc.,Annul.,Annull.,Anul.,Canc.,Отм.,İptal,取消,
High Flow Shutdown,Vypnutí při vysokém průtoku,Abschaltung bei hohem Durchfluss,Cierre por caudal alto,Arrêt pour cause de haut débit,Arresto per portata elevata,Wyłączenie przy wysokim przepływie,Desligamento por vazão alta,Отключение при превышении расхода,Yüksek Debi Kapatma,高流量关闭,
Enable,Povolit ,Zulassen,Habilitar,Activer,Abilita,Włącz,Ativar,Разрешить,Etkinleştir,启用,
Disabled,Zakázáno,Deakt.,Deshab.,désactivé,Disatt.,Wył.,Desat.,Откл.,Devre d.,已禁用,
Max Flow Rate,Maximální průtok,Max. Durchflussrate,Caudal máximo,Débit maximal,Portata massima,Maksymalne natężenie przepływu,Taxa máxima de vazão,Максимальный расход,Azami debi oranı,最大流量,
Delay Factor,Faktor zpoždění,Verzögerung,Factor de retardo,Facteur de délai,Fattore di ritardo,Współczynnik opóźnienia,Fator de atraso,Коэффициент задержки,Gecikme faktörü,延迟因素,
Mute is active,Ztlumení je aktivní,Stummschaltung ist aktiv,Sonido desactivado,Le mode sourdine est activé,La funzione Mute è attiva,Wyciszenie jest aktywne,Mudo está ativo,Включен режим молчания,Sessiz etkin,静音已激活,
Start Events,pustit Události,Ereignisse Starten,Iniciar Eventos,Démarrer Événements,Avviare Eventi,Rozpocznij Wydarzenia,Iniciar Eventos,Запуск Событий,Olayları Başlat,启动事件,
Program Commands,Příkazy Programu,Programm-Befehle,Comandos del Programa,Commandes du Programme,Comandi del Programma,Polecenia Programu,Comandos do Programa,Команды Программы,Program Komutları,程序命令,
Stop Devices,Zastavit Zařízení,Geräte Stoppen,Detener Dispositivos,Arrêter les Appareils,Fermare Dispositivi,Zatrzymaj Urządzenia,Parar Dispositivos,Остановить Устройства,Cihazları Durdur,停止设备,
Total Controllers:,Celkem řídící,Gesamt Steuer.,Total control.,Total contrôl.,Totale controll.,Łącznie ster.,Total control.,Всего контрол.,Toplam kont.,总控制器,
Online:,Onl.,Onl.,Enl.,Enl.,Onl.,Onl.,Onl.,Онл.,Çevr.,在线,
Offline:,Offl.,Offl.,Desc.,Hors.,Offl.,Offl.,Offl.,Оффл.,Çevrimd.,离线,
Commands,Příkazy,Befehle,Comandos,Commandes,Comandi,Polecenia,Comandos,Команды,Komutlar,命令 ,
System Operation Actions,Akce Provozu Systému,Systembetriebsaktionen,Acciones de Operación del Sistema,Actions d'Opération du Système,Azioni di Funzionamento del Sistema,Operacje Działania Systemu,Ações de Operação do Sistema,Действия по Эксплуатации Системы,Sistem İşletim Eylemleri,系统操作行动,
Acknowledge,Potvrdit,Bestätigen,Reconocer,Accus.,Confermare,Potwierdzić,Reconhecer,Подтвердить,Onaylamak,确认,
Flow Sensor 1,Průt. sen. 1,Fluss Sens. 1,Sensor fl. 1,Capteur d. 1,Sensore fl. 1,Czujnik pr. 1,Sensor fl. 1,Датчик пот. 1,Akış sens. 1,流量 1,
Flow Sensor 2,Průt. sen. 2,Fluss Sens. 2,Sensor fl. 2,Capteur d. 2,Sensore fl. 2,Czujnik pr. 2,Sensor fl. 2,Датчик пот. 2,Akış sens. 2,流量 2,
Flow Sensor 3,Průt. sen. 3,Fluss Sens. 3,Sensor fl. 3,Capteur d. 3,Sensore fl. 3,Czujnik pr. 3,Sensor fl. 3,Датчик пот. 3,Akış sens. 3,流量 3,
Flow Sensor 4,Průt. sen. 4,Fluss Sens. 4,Sensor fl. 4,Capteur d. 4,Sensore fl. 4,Czujnik pr. 4,Sensor fl. 4,Датчик пот. 4,Akış sens. 4,流量 4,
Flow Sensor 5,Průt. sen. 5,Fluss Sens. 5,Sensor fl. 5,Capteur d. 5,Sensore fl. 5,Czujnik pr. 5,Sensor fl. 5,Датчик пот. 5,Akış sens. 5,流量 5,
Flow Sensor 6,Průt. sen. 6,Fluss Sens. 6,Sensor fl. 6,Capteur d. 6,Sensore fl. 6,Czujnik pr. 6,Sensor fl. 6,Датчик пот. 6,Akış sens. 6,流量 6,
Clear,Vymazat,Löschen,Limpiar,Effacer,Cancellare,Wyczyść,Limpar,Очистить,Temizle,清除,
Do you want to reset ?,Chcete resetovat ?,Möchten Sie zurücksetzen ?,¿Quieres reiniciar ?,Voulez-vous réinitialiser ?,Vuoi resettare ?,Czy chcesz zresetować ?,Você quer reiniciar ?,Вы хотите сбросить ?,Sıfırlamak istiyor musunuz ?,您要重置吗？,
Reset,Resetovat,Zurücksetzen,Reiniciar,Réinitialiser,Resettare,Zresetować,Reiniciar,Сбросить,Sıfırla,重置,
Site Controllers,Řadiče míst,Standortregler,Controladores sitio,Contrôleurs site,Controller sito,Kontrolery miejsc,Controladores local,Контроллеры сайта,Site Kontrolörleri,站点控制器,
System Controllers,Systémové řadiče,Systemregler,Controladores sistema,Contrôleurs système,Controller sistema,Kontrolery systemu,Controladores sistema,Контроллеры системы,Sistem Kontrolörleri,系统控制器,
System Map,Mapa systému,Systemkarte,Mapa sistema,Carte système,Mappa sistema,Mapa systemu,Mapa sistema,Карта системы,Sistem Haritası,系统地图,
System Dashboard,Systémový panel,System-Dashboard,Panel sistema,Table. syst.,Pannello sistema,Panel systemu,Painel sistema,Системная панель,Sistem Panosu,系统仪表盘,
Site Map,Mapa webu,Seitenkarte,Mapa sitio,Plan du site,Mappa sito,Mapa strony,Mapa site,Карта сайта,Site Haritası,网站地图,
Site Dashboard,Panel webu,Site-Dashboard,Panel sitio,Tab. Site,Pannello sito,Panel strony,Painel site,Панель сайта,Site Panosu,站点仪表盘,
Sites List,Seznam webů,Standortliste,Lista sitios,Liste sites,Lista siti,Lista stron,Lista sites,Список сайтов,Site Listesi,站点列表,
Module Info / Current,Info modulu / Aktuální,Modulinfo / Aktuell,Info módulo / Actual,Info module / Actuel,Info modulo / Corrente,Info modułu / Bieżący,Info módulo / Atual,Инфо модуля / Текущий,Modül Bilgi / Geçerli,模块信息 / 当前,
